"","timedelta","n_tokens_title","n_tokens_content","n_unique_tokens","n_non_stop_words","n_non_stop_unique_tokens","num_hrefs","num_self_hrefs","num_imgs","num_videos","average_token_length","num_keywords","data_channel_is_lifestyle","data_channel_is_entertainment","data_channel_is_bus","data_channel_is_socmed","data_channel_is_tech","data_channel_is_world","kw_min_min","kw_max_min","kw_avg_min","kw_min_max","kw_max_max","kw_avg_max","kw_min_avg","kw_max_avg","kw_avg_avg","self_reference_min_shares","self_reference_max_shares","self_reference_avg_sharess","weekday_is_monday","weekday_is_tuesday","weekday_is_wednesday","weekday_is_thursday","weekday_is_friday","weekday_is_saturday","weekday_is_sunday","is_weekend","LDA_00","LDA_01","LDA_02","LDA_03","LDA_04","global_subjectivity","global_sentiment_polarity","global_rate_positive_words","global_rate_negative_words","rate_positive_words","rate_negative_words","avg_positive_polarity","min_positive_polarity","max_positive_polarity","avg_negative_polarity","min_negative_polarity","max_negative_polarity","title_subjectivity","title_sentiment_polarity","abs_title_subjectivity","abs_title_sentiment_polarity","shares"
"timedelta",100,-24.0319665921067,-6.28668384654144,0.286616041250964,0.00893252656571544,0.380487529645796,-0.0832066152041426,6.45304544284281,-2.76359049185695,0.0935717414740884,13.046488754411,4.68835463246117,5.44917612798612,-4.91091193682907,5.5788228022739,7.62868097083576,8.32765075464113,-17.024962411375,59.1198805932696,2.95029297523486,13.3224780786013,-7.65903214497408,-63.7823910366497,-49.3093359995792,-15.7203553734722,-5.18204772654918,-16.3163653447158,-1.14377504480478,-1.45014450203195,-1.56551188882953,-0.612895428166478,-0.578067386497365,0.996126888580644,0.404171518464163,-0.285290774496699,-0.406701464248969,0.422640093673391,0.0271615373632259,8.08938392345574,0.442312377663087,-14.1712865195435,-3.08382418938482,9.29063267052858,13.3837000447482,15.8646306396251,20.7603960440834,1.02655073416979,19.8654494210205,-7.19682735579943,12.6343916850127,5.47719540781306,9.82879880831086,-0.0506515752224012,6.2175133847807,-6.32387365399182,-1.5918628322004,3.8710601522509,1.15506558804692,-0.274518675162308,0.866228771126255
"n_tokens_title",0,100,1.81596482472964,-0.531822497548471,-0.475391334611961,-0.541976136326581,-5.3496247679321,-1.48561753366053,-0.885831165291113,5.14601854065139,-7.14025428845064,-0.607695703583779,-7.08153001672569,13.2790595668634,-2.39021034028886,-9.03939390334653,-4.67163160589227,4.92229060482492,-11.0672329678423,-0.588973630726796,-3.14001168513265,1.29256514642656,12.0840748288355,11.5745843012132,-0.237047732718752,0.691759280333642,0.429621778776369,-0.456331608561903,0.0128073341237002,0.0660531162391458,0.427433311035329,0.932188284769722,0.893502751262238,-1.54720577318915,-0.201538159232149,-1.50125868764942,0.628907522341384,-0.599619937166105,-7.00378635215933,6.35682431191788,3.83648207118802,4.22075978849285,-6.50634469326047,-5.68042959424396,-7.22257015001545,-6.49508632131715,1.55295936222524,-6.6589093719663,3.41856366320967,-4.96191210786257,-2.50685395567632,-2.1661712659954,-1.70958950328379,-2.91456360950086,1.14245689026484,7.7244800732901,0.0239598629237942,-14.6954062210704,4.0549680160616,0.878311884181902
"n_tokens_content",0,0,100,-0.473668505129691,1.75117541626694,0.0373251272732097,42.3065089770788,30.4682148346984,34.2600396459197,10.3698569282426,16.7789178287584,7.28447827779642,3.75482911829787,6.01997821150454,-0.610533144719843,3.34237025418048,2.54084640955169,5.59892527297105,-5.43454100919767,0.00663224045613087,-0.354509579872253,-2.27860772959015,5.88596400323107,-9.64603469244406,-2.2285852746952,-3.04964437141329,-7.96235612772608,-3.06857619821051,2.56574260936039,-1.38092405743223,-0.248362180270014,-0.402706630703134,-1.68905971683982,-0.739524164343396,-1.59494067398471,3.45384877389421,3.63937914898715,5.20235751569399,2.62182725857555,-0.972360712477217,8.72664321099554,-14.0140864097021,4.12654366461541,12.787940262694,2.19365103328367,13.3979202871821,12.5013269492471,9.89595192746886,10.1052514296116,13.5122535860689,-26.1492706653328,41.57055270892,-13.0374805167334,-45.0602521025566,22.5870401065007,0.448380589765909,2.33577192813746,0.713597089770177,1.34393158331539,0.245898434509083
"n_unique_tokens",0,0,0,100,99.9571737121889,99.9851516017834,-0.435164823118987,0.66203294689593,1.88017412821173,-0.0597497494166629,2.64069157440846,-0.367945098773466,-0.165287269792485,1.10161810984006,-0.0264023718566896,-0.0944671634316354,-0.232769759730961,-0.55350558818174,0.160127448647196,-0.0551925771516177,-0.0825648183387725,0.0577202085764139,-0.162425740104293,0.0804916426612769,0.456292143008288,-0.211978439169133,-0.208277545806641,0.103597772646486,-0.0222383514103691,0.199194361049665,-0.214166082255863,1.05378811242384,-0.222370308844276,-0.224845691287607,-0.139792951976504,-0.256285987789316,-0.180310462999501,-0.318579957293004,-0.221311225807837,-0.0827093505419427,-0.685519840704163,-0.368890151134003,-0.425953686177097,-0.0179926177288006,0.0523109239858415,0.0014096629564306,-0.0877167205969411,-0.06670146968166,-0.165719280455906,-0.0487330158071676,0.91934369171653,-0.905421018666189,0.145308801201131,0.990234637545486,-0.731497439558468,-0.467777688323701,-0.233343934838524,-0.924245209640685,-0.421656455803495,0.0806345661307668
"n_non_stop_words",0,0,0,0,100,99.9532328250535,0.552103193844581,1.35976287516251,2.84862387338103,-0.0899193654843851,3.15535433612032,-0.143886280359481,-0.0314123917175633,1.09029979045858,-0.00119068195860942,-0.00779439821648215,0.0061331083985611,-0.270184919111397,-0.0352272764455219,-0.0594952377235651,-0.0891711551038829,-0.055342647237733,0.0394021361939289,-0.293892422056847,0.32840618206616,-0.340803046096398,-0.54152534116675,0.0338937673429835,0.0169960889369566,0.161412726341555,-0.214704631273716,1.05010623500135,-0.251684761740323,-0.23596164966187,-0.196328726994894,-0.150780270386414,-0.133775959494984,-0.208244624823482,-0.103067506505418,-0.286882662303685,-0.328562843999537,-0.976081037230611,-0.107225296522777,0.256513606227274,0.0830941769196991,0.153483288699654,0.103572095161914,0.242109969316708,0.124477685105769,0.228483303146299,0.0903509297898789,0.206167844449185,-0.137169334400418,-0.121380819633809,-0.0760924481700847,-0.538924671964282,-0.165024778678537,-0.851090459217409,-0.439139757568097,0.04429416173084
"n_non_stop_unique_tokens",0,0,0,0,0,100,-0.498348931120589,0.758449119501114,1.42300601959881,-0.0962637985203929,3.41853006402148,-0.443967332577687,-0.041669854998393,1.05536696215993,0.184033502238678,-0.0525895125409808,-0.0920801915556612,-0.380064895815675,0.200118301263757,-0.061521919314454,-0.0643996861971028,-0.00893463357061178,-0.203202818297447,-0.200580651347422,0.250979969394059,-0.369384260587359,-0.594367981395346,0.0988860054696689,-0.00770020570364709,0.200924503651108,-0.204228796042002,1.05099653959671,-0.207036229823951,-0.228309429570544,-0.130141577720689,-0.262275873904852,-0.216666963929275,-0.350184011101366,0.0341837449472475,-0.0965136882388252,-0.496492047374833,-0.978129964012483,-0.209720212895343,0.54982061659575,0.204290141699136,0.500224573549773,0.258950344166882,0.525831485806424,0.170863101894337,0.467148900983137,0.838001858591458,-0.224541127599578,-0.197213933820055,0.431808252837279,-0.670753783195886,-0.585978599432442,-0.291034857777057,-0.857229854517119,-0.534238715374847,0.0114171937810912
"num_hrefs",0,0,0,0,0,0,100,39.6452367418086,34.2633223302428,11.4518248090175,22.2587667957438,12.5890486574931,5.2905626408183,-0.796769374532475,-5.83601884797105,5.04698472729134,-6.17342033712138,-3.15669762301756,-4.32630267587337,1.2843912290771,0.830702557420775,-2.014965498532,5.12651597289264,-1.92686005768863,5.89195564131942,6.96919605466612,12.1418632828578,-0.480379906939447,8.03941851666387,2.52390769626518,-0.575871772819333,-1.06913980383202,-3.24374412964935,-1.277634821352,-0.130628287303936,5.46614790955176,4.42202908111266,7.22793005457336,-2.00996469173538,-5.38033278207062,-1.25312066874084,12.3786232737252,-5.49772198003627,20.3463984312185,8.68594321377556,5.6428034971695,3.25150059907984,10.1662838500001,5.98174081067896,18.8235516733554,-8.21683444801954,28.6733072079242,-15.2145864162535,-26.3576081278687,5.49478795489328,4.39495741554074,3.90410048822596,0.944306596427847,5.65253706726663,4.5404008405928
"num_self_hrefs",0,0,0,0,0,0,0,100,23.8586164489506,7.74580298631177,12.6879258540706,9.95784927398401,-4.7668255608852,2.45940241099041,-5.51044800732346,9.21259822825807,16.6668114851569,-11.8836706410705,-1.28957215158042,-0.123252551646963,-0.128629168186732,-2.59041871721772,0.256749333076417,-6.47471364891788,3.92394922041595,-1.36286933401602,-1.56153386734578,-3.12289699458823,13.0187149191842,2.2156678739442,1.21291529039922,0.120992438113192,-2.03529237115446,-1.44567093176387,-2.16314028864647,4.43409739617635,2.14554358828662,4.77975190767972,-2.16919380233443,-0.463145816724029,-8.50446440414987,-2.87753657928382,13.5440914718351,11.5284925637451,9.00703940519497,12.1140287572606,1.14327628841135,14.2087708868732,-1.01867240591112,9.80624044037786,-7.26479384065777,18.9922487992556,-5.82218649602137,-12.2070610929472,3.91527097251848,-1.12393159088136,2.62235661431872,0.896101874325219,-0.670937259324857,-0.190040337283696
"num_imgs",0,0,0,0,0,0,0,0,100,-6.73360596580749,3.39241438504464,8.84320919221799,1.0260256624349,9.93268817934302,-14.2542407305722,-0.762635710059614,-0.629164498481666,-10.6480178632565,-4.38402045050285,0.189432460966034,-0.534001197452797,-0.0528493319128077,5.13365501755591,0.221738322994888,8.10290599529213,6.43736951409775,14.5235530294017,0.714180044509169,3.50672566534129,2.08983887256654,-0.524942523102372,-0.376670141203479,-2.46736993991499,-0.58238421006935,-0.753668928816863,2.89698616404647,4.33064404614316,5.32416210764776,-15.0439323177756,5.00803271189305,-9.45150870301055,20.8923806425426,-2.27803397955697,8.04676899121521,2.10819864480967,-4.15821443173897,2.47716370468154,-2.17335504433892,4.00294243150717,9.64459765628256,-2.46825461229379,15.5232454111498,-7.24999291348754,-13.6521967119291,4.26439636886073,5.68146253883199,4.63104692589194,-1.37594259778382,6.33067437643453,3.93875978476287
"num_videos",0,0,0,0,0,0,0,0,0,100,-0.29402552931206,-2.22569540515535,-4.46023995298821,14.6815604773486,-6.46510786635428,-0.803847253114616,-9.31916073774053,-8.85797537719655,1.47128561422426,0.286039635198186,-0.653637389119903,4.34157114654274,-0.565845512379067,13.622782332097,5.88658846436974,4.50024804629396,10.6815394563496,-0.307511009890912,7.82955996557216,3.4494018461726,0.945341853067063,0.67397444808166,-0.139712180849159,-0.366347520416753,0.347322137519619,-0.7134911382772,-1.45789551719221,-1.60538545975054,-7.04894066990961,1.18747984933805,-9.29621795466403,26.7673345377611,-12.7428552355005,8.2051851342907,-2.84335170658924,7.22896966704401,17.9166906923474,-4.34593359774571,7.40667045915658,9.7440399587708,-1.01034538618216,12.565914345434,-11.5976436845649,-13.8190439990676,2.72512955321591,6.10281037794124,2.19801866840565,-2.19816588373208,5.52313636374441,2.3936069530131
"average_token_length",0,0,0,0,0,0,0,0,0,0,100,-1.68141012225722,1.11605274391233,-3.93628862770516,7.16711121753576,2.49200353488965,1.91381398555592,7.99180012742903,3.36507608700212,-0.231847353315641,1.17357723638879,-4.23677342864553,-3.76374195349446,-15.7418880070301,-7.6706197604282,-4.63973284200649,-13.6393163800252,3.17214653723996,3.84708835217104,4.04682503081691,-0.0562661342663544,-0.322541044174588,-0.406182772097045,0.253493323263182,0.264352741215195,-0.440444812282255,0.86965018380987,0.339033518019362,7.89014801809445,-2.20113743032005,9.91212899815236,-18.1714395331328,3.37375985904727,59.7628720104003,17.8537111423518,32.29291622152,22.8655475676107,57.8894029504735,32.25047712952,54.0117016609896,22.2206867151909,47.1382621442359,-32.4528547874269,-27.8784325845944,-19.4659555834917,-4.04061987683274,-1.67183832866924,2.65855746140746,-3.69526916534287,-2.20072980619387
"num_keywords",0,0,0,0,0,0,0,0,0,0,0,100,12.4577742260735,-7.28515841196917,-16.6491545405125,-8.77486096861616,13.7935852296929,1.79341478984354,0.106783106683879,7.74999600236498,7.512455129888,-27.8041622607723,0.852127647426402,-33.2221066329585,-27.2042075698129,11.4036129603085,2.37829791499184,-0.528964519020064,1.04738140837544,0.313859448029978,-1.94898071788045,-0.955524623126012,-1.979141808494,-1.42096549090219,-0.269957662221652,4.26166686239005,5.88165189888339,7.46465812264428,-15.4895236341418,-6.24153664376518,-1.96429820696167,2.27264593438632,18.4253723955787,3.86025721568465,8.34204031116668,5.04655078057754,-3.79686202601926,3.53582588633384,-7.08733532459953,3.37001533191441,-1.58901221214378,6.24403482825314,2.11136057942247,-0.2655723537066,2.80361472996497,1.6013990250668,3.17053087951174,-1.09916776377288,2.35327131988838,2.18182271518751
"data_channel_is_lifestyle",0,0,0,0,0,0,0,0,0,0,0,0,100,-11.0031753323894,-10.2368360977342,-5.89899643731489,-11.2763309066849,-12.2848845576922,4.91626138412399,2.78929528560971,3.73829575008555,-2.57895458745155,-5.31299150559092,-13.2090947760538,-1.0045147817389,3.91696654096581,5.07331523874826,0.684509523020866,-1.29923305553163,-0.372299480330862,-0.924191274681112,-1.65663907374282,-0.163196435103566,-0.779091587740222,0.101239516447925,2.43700388084757,2.89196003139719,3.91429057857735,-0.675140435027386,-8.12424848727739,-11.6151728011143,-6.31312182356199,24.5651605987772,6.04230990429536,7.86513699904653,6.41551656501746,-0.616227431227286,5.0325553260399,-3.18710644573144,6.57147835492547,-0.207062335248565,6.76413955524273,-0.652876854581575,-2.38902534694134,1.03446725257503,0.273603603147018,3.3536399028989,0.686095413961488,1.79655481501803,0.583126730654685
"data_channel_is_entertainment",0,0,0,0,0,0,0,0,0,0,0,0,0,100,-20.1476061830435,-11.6100967095197,-22.1934855778197,-24.1784682014512,-3.45979474977653,-1.18246322764075,-1.95032601567936,-0.265648652263384,3.17985793117109,-5.26616145044324,0.58365856672251,-0.154717214075613,0.707547367252344,-3.05521940714404,-1.58786907356016,-2.61966950561344,3.03854527687183,-0.516260229340182,-0.481444223408214,-1.06678836929694,-0.804918651349241,-1.55070551028499,1.26902958048109,-0.153821068363894,-21.0171200272367,59.9383772465526,-20.8064109957371,20.9070076055733,-27.4859273917924,3.44276055860206,-3.79054635611362,2.27197544131189,10.4972938644415,-3.87021004055441,5.09921557815708,5.32751567074755,-1.26465736268511,7.69393587256492,-12.6114105569426,-10.5423786154444,-1.5235783982731,4.79979725196144,-1.19352252627707,-5.13004440406357,3.23955024086266,-1.70061984295583
"data_channel_is_bus",0,0,0,0,0,0,0,0,0,0,0,0,0,0,100,-10.8014871620143,-20.647773704814,-22.4945080484131,1.96401106290349,-1.25379913760208,0.24764213134675,4.96383474342327,-1.92013485812186,18.0032359445427,-0.332033616781126,-2.78582685696238,-6.04584551031837,-0.913303950956238,0.138765778020252,-0.387197865512434,1.87866986536783,0.274507681168545,1.72535625722062,1.553257023684,-1.33934916183015,-4.14123174096613,-2.43004439971576,-4.78439744105381,77.4650522037658,-12.6784872185976,-20.791695619708,-23.1179326536718,-16.9242871127447,-2.80779498965729,7.36030590547687,8.90600816755187,-7.51441681233305,12.6455719002393,-8.2161073974981,-0.223789820433562,-5.35145656107221,1.96967499431674,5.66211358484174,6.22827997838517,-0.770858690654916,-4.44448096037194,1.42955330468247,-0.248825455640335,-3.24899470857649,-1.2376166187936
"data_channel_is_socmed",0,0,0,0,0,0,0,0,0,0,0,0,0,0,0,100,-11.8983192033465,-12.9625034111965,4.02016512153946,0.258734457109008,2.99632682910449,5.94616431977224,-3.94130548260305,-6.05437017427722,4.42311664318856,-1.0076473002276,1.66302933721148,1.64955066336222,3.29289151314466,2.4172304023766,-1.5313733322128,0.688671399900181,-0.541055778287243,1.03200078943121,-0.0630112523790371,1.61647660399746,-0.990384399371311,0.410230020534893,19.5646172338501,-6.95902398122201,-1.85774585457851,-3.80443395315537,-6.80617686281667,3.39756662942076,6.70363379750038,10.1027728376879,-1.97413355110681,8.12707438650765,-6.01360466104508,1.0061601913653,-6.04307487709257,2.69689815913892,0.423452336706887,0.0556602521342773,-1.13312289210597,-1.67934264212964,2.44363495641349,1.16690379394795,-0.318081641474322,0.502121630649515
"data_channel_is_tech",0,0,0,0,0,0,0,0,0,0,0,0,0,0,0,0,100,-24.7787025126968,2.64948066937742,0.00802376867386536,0.411740821905964,-5.42993824441337,-3.39715366125616,-16.1674723214968,-5.05304080337557,-8.39150289262199,-14.0957652267345,1.02668727568876,1.69425309748114,1.60943505135284,0.0125416289928109,1.74439384035663,0.653635545342437,-0.613594645429124,-1.24684481004055,1.89865580603422,-2.84666154277772,-0.783399717866727,-20.0415937212882,-16.5020299043354,-17.9418527768787,-26.1583378642697,74.9737121387423,5.49140379324035,13.0174209797863,8.95182579433423,-9.58514463407717,16.1502782343209,-11.4082362716067,1.47612036779743,2.48788736244335,2.92251610403938,11.4833658297349,11.6122478518273,2.4031140819124,-4.30306529392741,2.68305406342986,0.718764245596246,-4.22066374874119,-1.32528744280245
"data_channel_is_world",0,0,0,0,0,0,0,0,0,0,0,0,0,0,0,0,0,100,-7.71382659938369,-1.56127604567706,-3.64709138115261,-6.02654886030314,8.11072530253647,-11.836781805841,-12.9712610135374,-7.76762741178478,-24.0883197739506,-3.15886017800477,-5.12637098175373,-4.873550729144,-0.98790147064538,-0.393721762426312,-0.243785920843524,0.386847537209542,1.63684491110926,-0.0620944404303797,-0.359817207952654,-0.314791923756853,-23.3284025669725,-20.5844198001529,83.6618275659384,-26.6377224807882,-17.5768554512728,-17.9194493732213,-22.9193544978471,-24.722734367468,1.88612221181089,-16.0559680064156,19.2847713259963,-14.5499614981085,-5.06875132950203,-12.1109102227374,2.94474293575144,-6.93831798481725,7.40646264756779,-6.2114532770297,-8.09635711236525,5.31449834008689,-6.50676665157525,-4.94973089311985
"kw_min_min",0,0,0,0,0,0,0,0,0,0,0,0,0,0,0,0,0,0,100,1.15335893963634,11.2828798102793,-6.24334331815272,-85.7226224642964,-50.2718613797267,-13.7094181714956,-7.35630804044135,-18.401835480523,-2.53471737364411,-4.1558878055216,-3.95164374267853,0.114387255863917,-0.995334786399426,0.48080428092975,0.509965740365509,0.211341051578046,-1.22585130654057,0.714111962883883,-0.338864018737215,3.08898337369636,0.897589412200595,-7.37499009736387,-0.77573797367368,4.49977032506514,3.85472970254077,7.54856753422633,9.91379000397858,-0.202352003924479,8.16352344369323,-4.54843120988325,4.06335245381486,2.28656711225183,1.8639999600874,1.73120395579722,5.03159271316704,-2.71715274923391,-0.437900358651669,3.29015265678749,0.813741274584736,0.764454635012248,-0.105098773093119
"kw_max_min",0,0,0,0,0,0,0,0,0,0,0,0,0,0,0,0,0,0,0,100,94.0528663529177,-3.64747779626296,-0.542467108291976,-3.49364488768603,0.707865522227012,59.0467700565967,41.1260791555852,1.25069592628166,4.2634994234488,3.08191131678772,1.00503599198839,-0.405788031889282,0.108998643526468,0.116160531776045,-0.264987808404631,-0.502850828274245,-0.359326316093026,-0.629243329945539,-0.0807072049242915,-0.589611215245974,-1.53974253492542,2.16819941663088,-0.188771963824895,0.913759767303034,0.890481049987205,0.805412339167178,-0.0464847725088178,0.39920181054379,-0.830546974322584,0.81925257411977,0.392022722472732,1.06660997938765,-0.572011554870339,-0.367562920558218,-0.00347859401368161,1.56798892366966,0.951053517645492,0.0671438526215626,1.60846908268509,3.01139366709283
"kw_avg_min",0,0,0,0,0,0,0,0,0,0,0,0,0,0,0,0,0,0,0,0,100,-6.29577153355069,-10.6933270390332,-12.9136457346792,-2.12954215172761,54.5685625168565,38.4317381897493,1.23802786585831,3.30435503008269,2.57375854682534,0.465478396359166,-0.47736880681717,0.0849801454825587,0.152972099450411,0.0452989976102867,-0.497243943273015,0.0923632886070593,-0.285747407315648,2.3498755980567,-0.196027067698161,-3.1876527995505,0.529491605559639,0.583975181018039,2.19348738293791,2.67709421881383,3.30207760150431,0.018827788391329,2.64289201668584,-1.62495667952264,1.92211031073656,0.423689920822456,2.26139424920602,-0.373895649928317,0.129005795283832,-0.520564428680058,1.19629570368412,1.18938185806163,0.484744835267788,1.2164543180956,3.04055474156856
"kw_min_max",0,0,0,0,0,0,0,0,0,0,0,0,0,0,0,0,0,0,0,0,0,100,6.58661760479013,41.1493499205153,35.3098941881289,2.83937415677886,17.2241988556704,1.65779172097438,2.43553564845586,2.27782532283081,-1.41936140367687,0.0161975245830984,0.9767358642791,0.430947806051457,-0.210922681604793,0.795383763472397,-0.557188922010224,0.149336464200141,5.14999658741855,-1.35053147779361,-5.70508707422224,7.72806803439969,-5.98098152312759,-1.82016968281046,-1.44564206030637,-1.13445942073038,0.21120270324072,-2.96428509956665,-1.01082466488556,-1.06702765529625,0.103879737729887,-2.17125941284889,-0.408371428455472,0.344592125869511,-0.631821152732281,2.25287654809545,0.75250100671453,-1.10664188990231,2.11839292707133,0.390143197703208
"kw_max_max",0,0,0,0,0,0,0,0,0,0,0,0,0,0,0,0,0,0,0,0,0,0,100,56.3352702363562,15.8726821860322,9.26578574919804,22.699839382467,3.18183534156879,4.53272730554748,4.62592369540038,-0.796016720796374,0.830187934456321,-1.08910038319696,-0.421105152920808,0.300966885335614,1.63808607010118,0.244963110694831,1.35415546452826,-3.03154559843701,-0.430754031734793,7.19671620182337,1.04727215157754,-5.01022474791413,-4.08591098748589,-8.44976947055352,-10.7378293187635,0.728717207428441,-8.93182183316934,5.04997937712022,-4.42864819868038,-2.41632249892419,-1.99904636116379,-1.85996033004505,-5.46988830522701,2.85234203748123,0.510974923555634,-2.97712625328465,-1.04908361415426,-0.609060371882741,0.786256927824234
"kw_avg_max",0,0,0,0,0,0,0,0,0,0,0,0,0,0,0,0,0,0,0,0,0,0,0,100,40.7676587222226,13.952988217093,42.7308061137269,5.33358147375452,9.04091807413235,8.69912844874368,-0.163068936350929,0.966103665660053,0.60406058984994,0.849405356190398,0.400536279238715,-1.13937000808617,-2.9415580923813,-3.02470384589738,11.5241991967047,-7.96280645001245,-11.9866950425112,29.5962803556654,-22.9507366254753,-6.41057514670113,-8.54374643905938,-11.0572703318086,0.337824359761854,-15.2927102637732,-0.137201280127209,-6.84124273598434,0.69724852657877,-9.79666694670511,-2.14845829574405,1.4258262732228,-2.29718483045916,4.72351786768227,-1.07129417943687,-1.50960800800929,3.51878442981588,4.46858448085703
"kw_min_avg",0,0,0,0,0,0,0,0,0,0,0,0,0,0,0,0,0,0,0,0,0,0,0,0,100,9.30303943327515,45.1568690465967,3.54322613919468,5.27213533247379,5.23587237131814,-1.67297517264793,-0.277089670510353,-0.948653311016131,-0.880224162087149,-0.133034301585808,3.38476424305563,2.66438263243339,4.42020239836039,0.343380418322289,-1.28415383174707,-12.5098237137104,18.1154721848517,-5.63305248765441,1.15568064485791,-0.265682556572536,-0.701351083726207,1.71304999804168,-5.98482123271511,-1.06643428026903,0.991344859509022,1.58842990497639,-1.21812657004988,-2.00312942733557,-0.445805973974778,-0.938847790219396,4.53423366783436,2.49728340945876,-1.6833568521285,5.47694810404603,3.95506944796423
"kw_max_avg",0,0,0,0,0,0,0,0,0,0,0,0,0,0,0,0,0,0,0,0,0,0,0,0,0,100,81.1864395101086,8.06389021461807,18.6754022885961,16.0416710508925,-0.571386516893429,-0.506929472020251,-0.548278260891459,-0.00117887020382343,-0.155827217149943,1.46432295725373,1.29142746308955,2.0165664914457,-1.57322624994216,-0.168386446914765,-10.1258870506561,19.7377945684204,-8.70669734040624,3.87426477609257,0.986405969853766,-0.448225845256686,1.34135823101688,-3.8463766846324,-0.743446735409424,3.06421902444757,2.10707496382388,0.824739735841615,-4.76095989990244,-2.39870185709163,-2.41679613404699,4.99352188347303,1.89492598822951,-1.24263328273539,5.16280005741576,6.43058638474544
"kw_avg_avg",0,0,0,0,0,0,0,0,0,0,0,0,0,0,0,0,0,0,0,0,0,0,0,0,0,0,100,9.99155840318449,18.3228528190429,16.8581318550442,-2.0545962632653,-0.391467822028716,-1.40544305875999,-0.405595455453344,0.333039351341455,3.11160425916946,2.99635003944497,4.47459917570008,-3.71289179125751,0.946510747104307,-27.166803918544,43.6097225895459,-15.3512680394602,6.55148635427788,1.42183669998555,-0.930959791927847,2.9287114167864,-10.084270933682,-3.01918564097434,4.37061430852234,5.00040030624682,-0.552803632567681,-7.28350887199407,-2.02527074106138,-4.66974041187258,9.77605878348703,3.56779275702496,-2.38653991737326,9.86707568947135,11.0412862709545
"self_reference_min_shares",0,0,0,0,0,0,0,0,0,0,0,0,0,0,0,0,0,0,0,0,0,0,0,0,0,0,0,100,48.0475945539933,81.8907125267289,-0.223566459700126,0.0715395877182446,-0.282386717743687,0.240018404709756,0.154894892933281,-0.415874719391409,0.469131449878718,0.0555523531234554,0.184975125535217,-1.26561727408377,-3.91775147532691,3.56467486874586,0.978433615591285,5.68924790189601,0.621186464649917,0.219338026802054,1.30797353640586,2.1050713270436,1.31106375204312,3.3807638277412,2.91016151835841,0.562603313941749,-4.01276634059741,-1.13902525721545,-4.67176233012248,0.546393166193395,0.0570115838077894,0.236137906112453,0.526086798368209,5.5957575110844
"self_reference_max_shares",0,0,0,0,0,0,0,0,0,0,0,0,0,0,0,0,0,0,0,0,0,0,0,0,0,0,0,0,100,85.3480228662779,-0.279559233401883,-0.000525092075010884,0.104480196366414,-0.205081749585173,0.432159547633728,0.110306542738588,-0.137755323975805,-0.0247482793832113,1.3836026287316,-2.0659004215839,-4.44086838500794,4.36016803852957,0.195600917863587,6.43792918343624,0.737533609920481,1.98022627108557,2.12322127919407,2.60220582565935,1.62752651006794,4.24285249870111,-0.241825616515826,3.98685137356607,-5.3774364327216,-4.71079884017138,-2.25574667045633,1.37538807163511,0.478924226743237,-0.493477266011058,0.87197418086455,4.71152233098004
"self_reference_avg_sharess",0,0,0,0,0,0,0,0,0,0,0,0,0,0,0,0,0,0,0,0,0,0,0,0,0,0,0,0,0,100,-0.0937298030470864,0.0375092535195329,0.20520766088351,0.00542735635486976,0.32444406236897,-0.54984993365584,-0.170144495784054,-0.520623973245792,0.766885300175951,-1.76912149571108,-4.88103397858672,4.7059739529869,0.605025876509188,7.11146229480517,0.604870252259102,0.990885845499263,2.0962776721617,2.57236207166641,1.90334707946488,4.39463266577628,1.84233777513565,2.25621937715028,-5.40930015422302,-2.90521223506095,-4.37484586774364,1.01750541179608,0.0930308044892252,-0.144245273422601,0.689654184126899,5.77888973910439
"weekday_is_monday",0,0,0,0,0,0,0,0,0,0,0,0,0,0,0,0,0,0,0,0,0,0,0,0,0,0,0,0,0,0,100,-21.5107259751222,-21.5911863215729,-21.2904047037781,-18.4172612178618,-11.5412935032938,-12.2379215743592,-17.441687204396,0.843642635185869,2.39662014366962,-1.56802084317465,-0.853448336092615,-0.183061995519792,-0.812785123310447,-0.974813828746289,-0.781700906828017,0.867539359817853,-0.36877631777159,0.806587332323464,0.268894983620861,-0.1221480604405,0.640925597509583,0.0464340755573644,0.144308117913381,0.813472913549555,-0.964167661368976,-1.00469000273541,-0.239270378934055,-1.02819963781845,0.972643505882778
"weekday_is_tuesday",0,0,0,0,0,0,0,0,0,0,0,0,0,0,0,0,0,0,0,0,0,0,0,0,0,0,0,0,0,0,0,100,-22.9975882524949,-22.677214388042,-19.6169207156456,-12.2930677331402,-13.0350726098006,-18.5777999773328,-0.137224423352029,-1.11086726410739,0.0580681066110621,-0.635913167216185,1.54301493886329,-0.746573941076141,0.196945718796204,-0.0299469901396833,-1.17470932536222,1.06531854330638,-1.33573021869382,-1.37717299011248,-0.540407285598059,-0.694546411721372,1.13952082368345,1.32957401485929,-0.0360004945776827,-0.397739045957284,0.327526211710769,1.15835674789326,-0.287880056702509,-0.794065194622089
"weekday_is_wednesday",0,0,0,0,0,0,0,0,0,0,0,0,0,0,0,0,0,0,0,0,0,0,0,0,0,0,0,0,0,0,0,0,100,-22.7620379559825,-19.6902973296615,-12.3390496535038,-13.0838299813281,-18.6472897855428,1.32537594801021,-0.876486752113086,0.133729949467698,-1.32999335807004,0.69199180237694,-0.791937093164242,-0.00936989388492619,-0.511040489769629,-1.62154710671039,0.639837971845744,-1.09273325704678,-0.741303385501798,-0.155248258934057,-1.19528567220585,0.980798546217661,1.20725795936928,0.169885568361,-1.08250875092121,-1.38447774977215,0.807056343499997,-1.19887579190213,-0.380067189953616
"weekday_is_thursday",0,0,0,0,0,0,0,0,0,0,0,0,0,0,0,0,0,0,0,0,0,0,0,0,0,0,0,0,0,0,0,0,0,100,-19.4159965387059,-12.1671573238487,-12.9015622962586,-18.387518881543,1.92819578846123,-0.850849382077179,0.173167006269958,-0.63507317143984,-0.623563816649615,-0.371888006636517,0.159472355857263,-0.319534374628133,-0.22797928513241,0.125277336807103,-0.0523363935070381,-0.75469884208636,0.40123179666686,-1.08417488407745,0.8961966648634,0.755335282410243,-0.0626303514889224,0.311645933190142,-0.21204152906003,0.439379970064979,-0.44501702118813,-0.883324367737453
"weekday_is_friday",0,0,0,0,0,0,0,0,0,0,0,0,0,0,0,0,0,0,0,0,0,0,0,0,0,0,0,0,0,0,0,0,0,0,100,-10.5251975164369,-11.1604944215338,-15.9061202969828,-1.58028962894762,-0.661577604554847,1.94052252743089,1.17240489525621,-1.14677627083877,1.04988297023014,-1.45350518027376,-1.55154937345523,1.34456125957848,-1.43486707685363,2.04939902161848,0.215057983115673,1.42064546911141,-1.05628526998398,-0.926694607847754,-0.10318522929989,-1.2381890025792,0.0265533258567929,-0.628123949771469,0.953017329246059,-0.268253726908027,-0.38843499366703
"weekday_is_saturday",0,0,0,0,0,0,0,0,0,0,0,0,0,0,0,0,0,0,0,0,0,0,0,0,0,0,0,0,0,0,0,0,0,0,0,100,-6.99379458417373,66.1707400668497,-1.96646262608372,-0.48779981331732,0.336649125659436,0.237359220291642,1.59034250800257,1.51139011793958,1.46007832871806,2.26801018242758,0.805453624427102,-0.116349275716966,-0.570012938108416,1.2487764195536,-1.95490723300023,2.59788661208601,-1.54783375168348,-2.96526967771926,0.797858534357492,0.770143098378522,2.51638211556091,-1.99460163149684,1.54627247015595,1.50822493744387
"weekday_is_sunday",0,0,0,0,0,0,0,0,0,0,0,0,0,0,0,0,0,0,0,0,0,0,0,0,0,0,0,0,0,0,0,0,0,0,0,0,100,70.1647806828847,-1.96080286413594,2.19927952014292,-1.25267612103991,3.40423375465748,-2.13819628172897,1.24296344661771,1.5303316612971,2.4654353287548,0.743284650898626,-0.172413117163742,0.329846750175328,2.52771206187267,0.528488399748691,2.60982812309448,-1.94322993942835,-2.30597553790232,-0.354858018790546,2.45536530411312,1.91183236169586,-2.76320272821307,3.38546512816731,0.822953874075239
"is_weekend",0,0,0,0,0,0,0,0,0,0,0,0,0,0,0,0,0,0,0,0,0,0,0,0,0,0,0,0,0,0,0,0,0,0,0,0,0,100,-2.87833555445794,1.30456197391902,-0.70105525458842,2.72817017262943,-0.471135239732878,2.01375961051206,2.1930956820665,3.4730058816108,1.13396839792985,-0.212691284711653,-0.159231146736279,2.79180213723229,-0.999124090757673,3.81715368754817,-2.56611242109043,-3.85118908087051,0.303176556805935,2.39555129640363,3.23432180955764,-3.50152030001024,3.64898494196258,1.69581852553652
"LDA_00",0,0,0,0,0,0,0,0,0,0,0,0,0,0,0,0,0,0,0,0,0,0,0,0,0,0,0,0,0,0,0,0,0,0,0,0,0,0,100,-17.9342203892684,-25.5554694002279,-27.4588327736283,-24.3425885732966,-0.775993971691342,10.7099253563131,14.6931571707317,-7.76162370015528,16.1733488869971,-11.3681984599941,0.628680951128972,-10.4009987833902,5.32705922614567,4.10264801007244,3.92261859131393,-0.87378153428323,-4.88124660276594,2.79819423544004,0.133670463977333,-2.80229482059665,-0.3793063141476
"LDA_01",0,0,0,0,0,0,0,0,0,0,0,0,0,0,0,0,0,0,0,0,0,0,0,0,0,0,0,0,0,0,0,0,0,0,0,0,0,0,0,100,-23.1719911148791,-12.1659952080665,-24.6338744624181,5.3091407621874,-1.57035282025132,6.28368618904593,9.68933697869115,-1.37427405121993,2.91479252842207,4.50905328391203,2.65344224339198,4.05872074979374,-10.2899816886286,-6.12090740826409,-3.96424675587005,5.44467478465791,-0.642649298450686,-7.18212543154567,3.44380493116792,-1.0182873758372
"LDA_02",0,0,0,0,0,0,0,0,0,0,0,0,0,0,0,0,0,0,0,0,0,0,0,0,0,0,0,0,0,0,0,0,0,0,0,0,0,0,0,0,100,-32.8642055336561,-23.1682635517233,-17.8581886175523,-21.8712975178768,-22.9627362927093,2.02498469652924,-13.9792162647822,18.9376310289462,-13.8262622994733,-5.92268928900768,-10.9330514849034,3.8316685631475,-6.91300078422821,7.96324784547632,-7.65105681009227,-7.42745763816806,5.93089642356992,-8.17286429647283,-5.91627298377585
"LDA_03",0,0,0,0,0,0,0,0,0,0,0,0,0,0,0,0,0,0,0,0,0,0,0,0,0,0,0,0,0,0,0,0,0,0,0,0,0,0,0,0,0,100,-35.7930071941092,8.08872723508588,-0.914267633415243,-5.12247527483799,7.4109974135122,-16.9001314379811,0.598359578699213,7.17750181939369,10.8754589239532,-1.40589135909623,-11.4381023076138,-2.55784717398488,-7.47796585401465,12.9062188583315,2.76871092633391,-1.37835885650943,12.2119966682651,8.37714920045857
"LDA_04",0,0,0,0,0,0,0,0,0,0,0,0,0,0,0,0,0,0,0,0,0,0,0,0,0,0,0,0,0,0,0,0,0,0,0,0,0,0,0,0,0,0,100,5.87197954544703,13.7367752378129,9.51702901909844,-9.83055824601651,17.2580192999565,-10.9480436568491,2.19521468848397,2.1312374238226,4.20081139731498,12.0065682451074,10.4232995808869,3.66046943443456,-5.39962100239122,2.36646619789227,0.971306973166855,-4.55382398187714,-1.66219381946803
"global_subjectivity",0,0,0,0,0,0,0,0,0,0,0,0,0,0,0,0,0,0,0,0,0,0,0,0,0,0,0,0,0,0,0,0,0,0,0,0,0,0,0,0,0,0,0,100,33.9436273838969,46.7063182216383,25.3181438384233,48.748142982881,13.2940185685061,63.1748695303391,24.3983894656366,51.8772618316347,-44.318678502944,-35.0070303041909,-22.3190884250921,11.4122777732436,3.40746259305653,-0.375833149435159,9.10668552283712,3.16040621995544
"global_sentiment_polarity",0,0,0,0,0,0,0,0,0,0,0,0,0,0,0,0,0,0,0,0,0,0,0,0,0,0,0,0,0,0,0,0,0,0,0,0,0,0,0,0,0,0,0,0,100,57.0666881505499,-47.1982343361305,72.7827389660969,-65.0717401720648,49.670393602424,8.61185556617837,43.0892570486639,22.9763906678483,28.5377849906106,-4.42375272458678,2.36199476623868,23.8266232770096,-2.87172819701959,7.18982828502533,0.41629290622773
"global_rate_positive_words",0,0,0,0,0,0,0,0,0,0,0,0,0,0,0,0,0,0,0,0,0,0,0,0,0,0,0,0,0,0,0,0,0,0,0,0,0,0,0,0,0,0,0,0,0,100,10.6538377601698,62.8626101721254,-33.0125252386802,33.1326355110784,-10.709320708489,47.3331100760586,-13.1793550946013,-11.5421621848468,-7.26693452326354,10.9938113500619,13.6469134623636,-13.7287944617144,10.3390626290748,0.0543234149031022
"global_rate_negative_words",0,0,0,0,0,0,0,0,0,0,0,0,0,0,0,0,0,0,0,0,0,0,0,0,0,0,0,0,0,0,0,0,0,0,0,0,0,0,0,0,0,0,0,0,0,0,100,-39.8689108253939,77.9555615064974,19.2985259804385,6.07694591853284,18.292779621107,-35.224207578363,-47.8498533177918,7.05573679802996,9.02294336555715,-13.8151591142153,-5.50712061879096,5.58724189556538,0.661517312229217
"rate_positive_words",0,0,0,0,0,0,0,0,0,0,0,0,0,0,0,0,0,0,0,0,0,0,0,0,0,0,0,0,0,0,0,0,0,0,0,0,0,0,0,0,0,0,0,0,0,0,0,100,-53.0962147119042,41.2733310962366,5.0770758347537,45.1048221258168,-3.47525463688266,8.87081698446747,-19.916165676633,-2.41935051269299,14.4466991365957,-1.78756852589989,-0.335592543842267,-1.32413042133989
"rate_negative_words",0,0,0,0,0,0,0,0,0,0,0,0,0,0,0,0,0,0,0,0,0,0,0,0,0,0,0,0,0,0,0,0,0,0,0,0,0,0,0,0,0,0,0,0,0,0,0,0,100,14.5688887595427,19.4568475850591,3.56893989156945,-34.6946932811566,-45.2521955324938,2.66443214361738,-0.393368273508964,-18.5787073482341,4.08978148635653,-2.64950519126901,-0.518313830930751
"avg_positive_polarity",0,0,0,0,0,0,0,0,0,0,0,0,0,0,0,0,0,0,0,0,0,0,0,0,0,0,0,0,0,0,0,0,0,0,0,0,0,0,0,0,0,0,0,0,0,0,0,0,0,100,45.6972697366323,70.3558133580971,-27.5704996277653,-23.2208996030985,-13.9768477070843,5.23641498592118,7.95289867506399,1.51412676422219,10.1191070366381,1.21421988679576
"min_positive_polarity",0,0,0,0,0,0,0,0,0,0,0,0,0,0,0,0,0,0,0,0,0,0,0,0,0,0,0,0,0,0,0,0,0,0,0,0,0,0,0,0,0,0,0,0,0,0,0,0,0,0,100,0.959985588026143,-6.35714279916453,9.1270369808429,-18.3996767284615,0.832654026071541,-0.130148499002524,1.69914231272424,1.15122997572651,-0.00400952612136173
"max_positive_polarity",0,0,0,0,0,0,0,0,0,0,0,0,0,0,0,0,0,0,0,0,0,0,0,0,0,0,0,0,0,0,0,0,0,0,0,0,0,0,0,0,0,0,0,0,0,0,0,0,0,0,0,100,-26.8783910949738,-36.0870618487297,-0.52534685186153,5.2789647346158,7.68979338642161,-1.7130668318743,8.29661431049612,1.00677943965803
"avg_negative_polarity",0,0,0,0,0,0,0,0,0,0,0,0,0,0,0,0,0,0,0,0,0,0,0,0,0,0,0,0,0,0,0,0,0,0,0,0,0,0,0,0,0,0,0,0,0,0,0,0,0,0,0,0,100,74.8896177849899,58.0108327508477,-7.58137752766744,8.58775158193823,-0.657288953870154,-7.55940880572993,-3.20289085956119
"min_negative_polarity",0,0,0,0,0,0,0,0,0,0,0,0,0,0,0,0,0,0,0,0,0,0,0,0,0,0,0,0,0,0,0,0,0,0,0,0,0,0,0,0,0,0,0,0,0,0,0,0,0,0,0,0,0,100,8.05511155756213,-5.76391725556868,7.87954601629861,-1.05305677574496,-5.83980672431736,-1.92973751847801
"max_negative_polarity",0,0,0,0,0,0,0,0,0,0,0,0,0,0,0,0,0,0,0,0,0,0,0,0,0,0,0,0,0,0,0,0,0,0,0,0,0,0,0,0,0,0,0,0,0,0,0,0,0,0,0,0,0,0,100,-1.57882725116107,-0.0470240200597909,-0.187736436907842,-1.74443043667905,-1.93002113881827
"title_subjectivity",0,0,0,0,0,0,0,0,0,0,0,0,0,0,0,0,0,0,0,0,0,0,0,0,0,0,0,0,0,0,0,0,0,0,0,0,0,0,0,0,0,0,0,0,0,0,0,0,0,0,0,0,0,0,0,100,23.212965576802,-48.7172305293503,71.4527589349791,2.1966682303944
"title_sentiment_polarity",0,0,0,0,0,0,0,0,0,0,0,0,0,0,0,0,0,0,0,0,0,0,0,0,0,0,0,0,0,0,0,0,0,0,0,0,0,0,0,0,0,0,0,0,0,0,0,0,0,0,0,0,0,0,0,0,100,-24.0112145850018,41.0205255838569,1.27718731415145
"abs_title_subjectivity",0,0,0,0,0,0,0,0,0,0,0,0,0,0,0,0,0,0,0,0,0,0,0,0,0,0,0,0,0,0,0,0,0,0,0,0,0,0,0,0,0,0,0,0,0,0,0,0,0,0,0,0,0,0,0,0,0,100,-40.0271786824504,0.148099790075996
"abs_title_sentiment_polarity",0,0,0,0,0,0,0,0,0,0,0,0,0,0,0,0,0,0,0,0,0,0,0,0,0,0,0,0,0,0,0,0,0,0,0,0,0,0,0,0,0,0,0,0,0,0,0,0,0,0,0,0,0,0,0,0,0,0,100,2.71352309853382
"shares",0,0,0,0,0,0,0,0,0,0,0,0,0,0,0,0,0,0,0,0,0,0,0,0,0,0,0,0,0,0,0,0,0,0,0,0,0,0,0,0,0,0,0,0,0,0,0,0,0,0,0,0,0,0,0,0,0,0,0,100
