"","row","column","cor","p","rcor","ccor","selection","selection_Corr"
"1","timedelta","n_tokens_title",-0.238654285669327,0,2.43646334856749,-1.83743387460709,"timedelta",2.43646334856749
"4","timedelta","n_unique_tokens",0.173866719007492,0,2.43646334856749,-1.32432365790009,"timedelta",2.43646334856749
"6","n_tokens_content","n_unique_tokens",-0.69981986284256,0,0.0653896597214043,-1.32432365790009,"n_unique_tokens",1.32432365790009
"11","timedelta","n_non_stop_unique_tokens",0.156874477863312,0,2.43646334856749,-4.42600175738335,"n_non_stop_unique_tokens",4.42600175738335
"13","n_tokens_content","n_non_stop_unique_tokens",-0.514341175556183,0,0.0653896597214043,-4.42600175738335,"n_non_stop_unique_tokens",4.42600175738335
"14","n_unique_tokens","n_non_stop_unique_tokens",0.894151270389557,0,-1.32432365790009,-4.42600175738335,"n_non_stop_unique_tokens",4.42600175738335
"18","n_tokens_content","num_hrefs",0.449816882610321,0,0.0653896597214043,9.71867069602013,"num_hrefs",9.71867069602013
"19","n_unique_tokens","num_hrefs",-0.257802695035934,0,-1.32432365790009,9.71867069602013,"num_hrefs",9.71867069602013
"21","n_non_stop_unique_tokens","num_hrefs",-0.306578665971756,0,-4.42600175738335,9.71867069602013,"num_hrefs",9.71867069602013
"24","n_tokens_content","num_self_hrefs",0.270395427942276,0,0.0653896597214043,0.349684013053775,"num_self_hrefs",0.349684013053775
"25","n_unique_tokens","num_self_hrefs",-0.11259089410305,0,-1.32432365790009,0.349684013053775,"n_unique_tokens",1.32432365790009
"27","n_non_stop_unique_tokens","num_self_hrefs",-0.116785988211632,0,-4.42600175738335,0.349684013053775,"n_non_stop_unique_tokens",4.42600175738335
"28","num_hrefs","num_self_hrefs",0.351455718278885,0,9.71867069602013,0.349684013053775,"num_hrefs",9.71867069602013
"31","n_tokens_content","num_imgs",0.285820871591568,0,0.0653896597214043,10.6494955718517,"num_imgs",10.6494955718517
"32","n_unique_tokens","num_imgs",-0.303755432367325,0,-1.32432365790009,10.6494955718517,"num_imgs",10.6494955718517
"34","n_non_stop_unique_tokens","num_imgs",-0.435406386852264,0,-4.42600175738335,10.6494955718517,"num_imgs",10.6494955718517
"35","num_hrefs","num_imgs",0.387761473655701,0,9.71867069602013,10.6494955718517,"num_imgs",10.6494955718517
"36","num_self_hrefs","num_imgs",0.218788921833038,0,0.349684013053775,10.6494955718517,"num_imgs",10.6494955718517
"49","n_unique_tokens","average_token_length",0.17475751042366,0,-1.32432365790009,-5.02408258616924,"average_token_length",5.02408258616924
"52","num_hrefs","average_token_length",0.246136367321014,0,9.71867069602013,-5.02408258616924,"num_hrefs",9.71867069602013
"55","num_videos","average_token_length",-0.105660893023014,0,5.7744100689888,-5.02408258616924,"num_videos",5.7744100689888
"61","n_non_stop_unique_tokens","num_keywords",-0.103438682854176,0,-4.42600175738335,5.44451624155045,"num_keywords",5.44451624155045
"62","num_hrefs","num_keywords",0.158675014972687,0,9.71867069602013,5.44451624155045,"num_hrefs",9.71867069602013
"64","num_imgs","num_keywords",0.121391013264656,0,10.6494955718517,5.44451624155045,"num_imgs",10.6494955718517
"78","num_keywords","data_channel_is_lifestyle",0.125481843948364,0,5.44451624155045,2.86102704703808,"num_keywords",5.44451624155045
"80","n_tokens_title","data_channel_is_entertainment",0.135357350111008,0,-1.83743387460709,-5.35626634955406,"data_channel_is_entertainment",5.35626634955406
"88","num_videos","data_channel_is_entertainment",0.178495407104492,0,5.7744100689888,-5.35626634955406,"num_videos",5.7744100689888
"89","average_token_length","data_channel_is_entertainment",-0.125884473323822,0,-5.02408258616924,-5.35626634955406,"data_channel_is_entertainment",5.35626634955406
"91","data_channel_is_lifestyle","data_channel_is_entertainment",-0.110031753778458,0,2.86102704703808,-5.35626634955406,"data_channel_is_entertainment",5.35626634955406
"100","num_imgs","data_channel_is_bus",-0.165984615683556,0,10.6494955718517,-4.56703118979931,"num_imgs",10.6494955718517
"101","num_videos","data_channel_is_bus",-0.104282759130001,0,5.7744100689888,-4.56703118979931,"num_videos",5.7744100689888
"103","num_keywords","data_channel_is_bus",-0.165470987558365,0,5.44451624155045,-4.56703118979931,"num_keywords",5.44451624155045
"104","data_channel_is_lifestyle","data_channel_is_bus",-0.102368362247944,0,2.86102704703808,-4.56703118979931,"data_channel_is_bus",4.56703118979931
"105","data_channel_is_entertainment","data_channel_is_bus",-0.201476067304611,0,-5.35626634955406,-4.56703118979931,"data_channel_is_entertainment",5.35626634955406
"119","data_channel_is_entertainment","data_channel_is_socmed",-0.116100966930389,0,-5.35626634955406,5.7716216892004,"data_channel_is_socmed",5.7716216892004
"120","data_channel_is_bus","data_channel_is_socmed",-0.10801487416029,0,-4.56703118979931,5.7716216892004,"data_channel_is_socmed",5.7716216892004
"128","num_self_hrefs","data_channel_is_tech",0.189234718680382,0,0.349684013053775,2.08571311086416,"data_channel_is_tech",2.08571311086416
"130","num_videos","data_channel_is_tech",-0.112207986414433,0,5.7744100689888,2.08571311086416,"num_videos",5.7744100689888
"131","average_token_length","data_channel_is_tech",-0.124699495732784,0,-5.02408258616924,2.08571311086416,"average_token_length",5.02408258616924
"132","num_keywords","data_channel_is_tech",0.137277960777283,0,5.44451624155045,2.08571311086416,"num_keywords",5.44451624155045
"133","data_channel_is_lifestyle","data_channel_is_tech",-0.112763307988644,0,2.86102704703808,2.08571311086416,"data_channel_is_lifestyle",2.86102704703808
"134","data_channel_is_entertainment","data_channel_is_tech",-0.221934854984283,0,-5.35626634955406,2.08571311086416,"data_channel_is_entertainment",5.35626634955406
"135","data_channel_is_bus","data_channel_is_tech",-0.206477731466293,0,-4.56703118979931,2.08571311086416,"data_channel_is_bus",4.56703118979931
"136","data_channel_is_socmed","data_channel_is_tech",-0.118983194231987,0,5.7716216892004,2.08571311086416,"data_channel_is_socmed",5.7716216892004
"137","timedelta","data_channel_is_world",-0.170331060886383,0,2.43646334856749,-12.2940488159657,"data_channel_is_world",12.2940488159657
"144","num_self_hrefs","data_channel_is_world",-0.141293108463287,0,0.349684013053775,-12.2940488159657,"data_channel_is_world",12.2940488159657
"145","num_imgs","data_channel_is_world",-0.115647912025452,0,10.6494955718517,-12.2940488159657,"data_channel_is_world",12.2940488159657
"147","average_token_length","data_channel_is_world",0.259470820426941,0,-5.02408258616924,-12.2940488159657,"data_channel_is_world",12.2940488159657
"149","data_channel_is_lifestyle","data_channel_is_world",-0.122848846018314,0,2.86102704703808,-12.2940488159657,"data_channel_is_world",12.2940488159657
"150","data_channel_is_entertainment","data_channel_is_world",-0.241784676909447,0,-5.35626634955406,-12.2940488159657,"data_channel_is_world",12.2940488159657
"151","data_channel_is_bus","data_channel_is_world",-0.224945083260536,0,-4.56703118979931,-12.2940488159657,"data_channel_is_world",12.2940488159657
"152","data_channel_is_socmed","data_channel_is_world",-0.129625037312508,0,5.7716216892004,-12.2940488159657,"data_channel_is_world",12.2940488159657
"153","data_channel_is_tech","data_channel_is_world",-0.247787028551102,0,2.08571311086416,-12.2940488159657,"data_channel_is_world",12.2940488159657
"154","timedelta","kw_min_min",0.587124049663544,0,2.43646334856749,1.04661490768194,"timedelta",2.43646334856749
"155","n_tokens_title","kw_min_min",-0.110160164535046,0,-1.83743387460709,1.04661490768194,"n_tokens_title",1.83743387460709
"172","timedelta","kw_max_min",0.118931986391544,0,2.43646334856749,6.20681792497635,"kw_max_min",6.20681792497635
"183","num_keywords","kw_max_min",0.271558195352554,0,5.44451624155045,6.20681792497635,"kw_max_min",6.20681792497635
"191","timedelta","kw_avg_min",0.42046120762825,0,2.43646334856749,5.56567683815956,"kw_avg_min",5.56567683815956
"192","n_tokens_title","kw_avg_min",-0.119417726993561,0,-1.83743387460709,5.56567683815956,"kw_avg_min",5.56567683815956
"202","num_keywords","kw_avg_min",0.220274418592453,0,5.44451624155045,5.56567683815956,"kw_avg_min",5.56567683815956
"209","kw_min_min","kw_avg_min",0.382155269384384,0,1.04661490768194,5.56567683815956,"kw_avg_min",5.56567683815956
"210","kw_max_min","kw_avg_min",0.853337347507477,0,6.20681792497635,5.56567683815956,"kw_max_min",6.20681792497635
"211","timedelta","kw_min_max",-0.158223494887352,0,2.43646334856749,6.28231912851334,"kw_min_max",6.28231912851334
"222","num_keywords","kw_min_max",-0.338084280490875,0,5.44451624155045,6.28231912851334,"kw_min_max",6.28231912851334
"229","kw_min_min","kw_min_max",-0.11954640597105,0,1.04661490768194,6.28231912851334,"kw_min_max",6.28231912851334
"230","kw_max_min","kw_min_max",-0.251079797744751,0,6.20681792497635,6.28231912851334,"kw_min_max",6.28231912851334
"231","kw_avg_min","kw_min_max",-0.305535435676575,0,5.56567683815956,6.28231912851334,"kw_min_max",6.28231912851334
"232","timedelta","kw_max_max",-0.632878601551056,0,2.43646334856749,0.589856505393982,"timedelta",2.43646334856749
"233","n_tokens_title","kw_max_max",0.121645070612431,0,-1.83743387460709,0.589856505393982,"n_tokens_title",1.83743387460709
"250","kw_min_min","kw_max_max",-0.859742403030396,0,1.04661490768194,0.589856505393982,"kw_min_min",1.04661490768194
"252","kw_avg_min","kw_max_max",-0.379723876714706,0,5.56567683815956,0.589856505393982,"kw_avg_min",5.56567683815956
"253","kw_min_max","kw_max_max",0.133597016334534,0,6.28231912851334,0.589856505393982,"kw_min_max",6.28231912851334
"254","timedelta","kw_avg_max",-0.512451767921448,0,2.43646334856749,5.92999383807182,"kw_avg_max",5.92999383807182
"255","n_tokens_title","kw_avg_max",0.120843417942524,0,-1.83743387460709,5.92999383807182,"kw_avg_max",5.92999383807182
"263","num_videos","kw_avg_max",0.178808242082596,0,5.7744100689888,5.92999383807182,"kw_avg_max",5.92999383807182
"265","num_keywords","kw_avg_max",-0.309911131858826,0,5.44451624155045,5.92999383807182,"kw_avg_max",5.92999383807182
"266","data_channel_is_lifestyle","kw_avg_max",-0.135231420397758,0,2.86102704703808,5.92999383807182,"kw_avg_max",5.92999383807182
"268","data_channel_is_bus","kw_avg_max",0.183803051710129,0,-4.56703118979931,5.92999383807182,"kw_avg_max",5.92999383807182
"270","data_channel_is_tech","kw_avg_max",-0.164023667573929,0,2.08571311086416,5.92999383807182,"kw_avg_max",5.92999383807182
"271","data_channel_is_world","kw_avg_max",-0.114005595445633,0,-12.2940488159657,5.92999383807182,"data_channel_is_world",12.2940488159657
"272","kw_min_min","kw_avg_max",-0.525898873806,0,1.04661490768194,5.92999383807182,"kw_avg_max",5.92999383807182
"273","kw_max_min","kw_avg_max",-0.203989043831825,0,6.20681792497635,5.92999383807182,"kw_max_min",6.20681792497635
"274","kw_avg_min","kw_avg_max",-0.44769874215126,0,5.56567683815956,5.92999383807182,"kw_avg_max",5.92999383807182
"275","kw_min_max","kw_avg_max",0.428034365177155,0,6.28231912851334,5.92999383807182,"kw_min_max",6.28231912851334
"276","kw_max_max","kw_avg_max",0.587709665298462,0,0.589856505393982,5.92999383807182,"kw_avg_max",5.92999383807182
"277","timedelta","kw_min_avg",-0.154015272855759,0,2.43646334856749,9.23871919512749,"kw_min_avg",9.23871919512749
"288","num_keywords","kw_min_avg",-0.262662976980209,0,5.44451624155045,9.23871919512749,"kw_min_avg",9.23871919512749
"294","data_channel_is_world","kw_min_avg",-0.12740732729435,0,-12.2940488159657,9.23871919512749,"data_channel_is_world",12.2940488159657
"295","kw_min_min","kw_min_avg",-0.13622222840786,0,1.04661490768194,9.23871919512749,"kw_min_avg",9.23871919512749
"298","kw_min_max","kw_min_avg",0.712508082389832,0,6.28231912851334,9.23871919512749,"kw_min_avg",9.23871919512749
"299","kw_max_max","kw_min_avg",0.157271161675453,0,0.589856505393982,9.23871919512749,"kw_min_avg",9.23871919512749
"300","kw_avg_max","kw_min_avg",0.389861673116684,0,5.92999383807182,9.23871919512749,"kw_min_avg",9.23871919512749
"301","timedelta","kw_max_avg",-0.100342616438866,0,2.43646334856749,21.383011341095,"kw_max_avg",21.383011341095
"307","num_hrefs","kw_max_avg",0.160338819026947,0,9.71867069602013,21.383011341095,"kw_max_avg",21.383011341095
"309","num_imgs","kw_max_avg",0.199659273028374,0,10.6494955718517,21.383011341095,"kw_max_avg",21.383011341095
"310","num_videos","kw_max_avg",0.138452351093292,0,5.7744100689888,21.383011341095,"kw_max_avg",21.383011341095
"312","num_keywords","kw_max_avg",0.236671909689903,0,5.44451624155045,21.383011341095,"kw_max_avg",21.383011341095
"315","data_channel_is_bus","kw_max_avg",-0.106689661741257,0,-4.56703118979931,21.383011341095,"kw_max_avg",21.383011341095
"317","data_channel_is_tech","kw_max_avg",-0.168202176690102,0,2.08571311086416,21.383011341095,"kw_max_avg",21.383011341095
"318","data_channel_is_world","kw_max_avg",-0.176219120621681,0,-12.2940488159657,21.383011341095,"kw_max_avg",21.383011341095
"319","kw_min_min","kw_max_avg",-0.134715095162392,0,1.04661490768194,21.383011341095,"kw_max_avg",21.383011341095
"320","kw_max_min","kw_max_avg",0.269022732973099,0,6.20681792497635,21.383011341095,"kw_max_avg",21.383011341095
"321","kw_avg_min","kw_max_avg",0.168958529829979,0,5.56567683815956,21.383011341095,"kw_max_avg",21.383011341095
"322","kw_min_max","kw_max_avg",0.131934970617294,0,6.28231912851334,21.383011341095,"kw_max_avg",21.383011341095
"323","kw_max_max","kw_max_avg",0.166377261281013,0,0.589856505393982,21.383011341095,"kw_max_avg",21.383011341095
"324","kw_avg_max","kw_max_avg",0.273038953542709,0,5.92999383807182,21.383011341095,"kw_max_avg",21.383011341095
"325","kw_min_avg","kw_max_avg",0.184266790747643,0,9.23871919512749,21.383011341095,"kw_max_avg",21.383011341095
"326","timedelta","kw_avg_avg",-0.190795913338661,0,2.43646334856749,24.7747629880905,"kw_avg_avg",24.7747629880905
"328","n_tokens_content","kw_avg_avg",-0.111115284264088,0,0.0653896597214043,24.7747629880905,"kw_avg_avg",24.7747629880905
"332","num_hrefs","kw_avg_avg",0.157626122236252,0,9.71867069602013,24.7747629880905,"kw_avg_avg",24.7747629880905
"334","num_imgs","kw_avg_avg",0.223085343837738,0,10.6494955718517,24.7747629880905,"kw_avg_avg",24.7747629880905
"335","num_videos","kw_avg_avg",0.18385611474514,0,5.7744100689888,24.7747629880905,"kw_avg_avg",24.7747629880905
"342","data_channel_is_tech","kw_avg_avg",-0.165176138281822,0,2.08571311086416,24.7747629880905,"kw_avg_avg",24.7747629880905
"343","data_channel_is_world","kw_avg_avg",-0.309216946363449,0,-12.2940488159657,24.7747629880905,"kw_avg_avg",24.7747629880905
"344","kw_min_min","kw_avg_avg",-0.219520568847656,0,1.04661490768194,24.7747629880905,"kw_avg_avg",24.7747629880905
"345","kw_max_min","kw_avg_avg",0.152584493160248,0,6.20681792497635,24.7747629880905,"kw_avg_avg",24.7747629880905
"347","kw_min_max","kw_avg_avg",0.416596680879593,0,6.28231912851334,24.7747629880905,"kw_avg_avg",24.7747629880905
"348","kw_max_max","kw_avg_avg",0.258268684148788,0,0.589856505393982,24.7747629880905,"kw_avg_avg",24.7747629880905
"349","kw_avg_max","kw_avg_avg",0.510034680366516,0,5.92999383807182,24.7747629880905,"kw_avg_avg",24.7747629880905
"350","kw_min_avg","kw_avg_avg",0.547483444213867,0,9.23871919512749,24.7747629880905,"kw_avg_avg",24.7747629880905
"351","kw_max_avg","kw_avg_avg",0.819129586219788,0,21.383011341095,24.7747629880905,"kw_avg_avg",24.7747629880905
"354","n_tokens_content","self_reference_min_shares",-0.101176433265209,0,0.0653896597214043,16.3389280438423,"self_reference_min_shares",16.3389280438423
"355","n_unique_tokens","self_reference_min_shares",0.138129666447639,0,-1.32432365790009,16.3389280438423,"self_reference_min_shares",16.3389280438423
"377","kw_max_avg","self_reference_min_shares",0.181854963302612,0,21.383011341095,16.3389280438423,"kw_max_avg",21.383011341095
"378","kw_avg_avg","self_reference_min_shares",0.21049177646637,0,24.7747629880905,16.3389280438423,"kw_avg_avg",24.7747629880905
"385","num_hrefs","self_reference_max_shares",0.186650574207306,0,9.71867069602013,14.8678869009018,"self_reference_max_shares",14.8678869009018
"386","num_self_hrefs","self_reference_max_shares",0.305302232503891,0,0.349684013053775,14.8678869009018,"self_reference_max_shares",14.8678869009018
"387","num_imgs","self_reference_max_shares",0.17111112177372,0,10.6494955718517,14.8678869009018,"self_reference_max_shares",14.8678869009018
"388","num_videos","self_reference_max_shares",0.123447902500629,0,5.7744100689888,14.8678869009018,"self_reference_max_shares",14.8678869009018
"396","data_channel_is_world","self_reference_max_shares",-0.121555805206299,0,-12.2940488159657,14.8678869009018,"self_reference_max_shares",14.8678869009018
"402","kw_avg_max","self_reference_max_shares",0.124586969614029,0,5.92999383807182,14.8678869009018,"self_reference_max_shares",14.8678869009018
"403","kw_min_avg","self_reference_max_shares",0.101131960749626,0,9.23871919512749,14.8678869009018,"self_reference_max_shares",14.8678869009018
"404","kw_max_avg","self_reference_max_shares",0.174565270543098,0,21.383011341095,14.8678869009018,"kw_max_avg",21.383011341095
"405","kw_avg_avg","self_reference_max_shares",0.214326083660126,0,24.7747629880905,14.8678869009018,"kw_avg_avg",24.7747629880905
"406","self_reference_min_shares","self_reference_max_shares",0.522517561912537,0,16.3389280438423,14.8678869009018,"self_reference_min_shares",16.3389280438423
"413","num_hrefs","self_reference_avg_sharess",0.107974790036678,0,9.71867069602013,17.6519647240639,"self_reference_avg_sharess",17.6519647240639
"414","num_self_hrefs","self_reference_avg_sharess",0.156122967600822,0,0.349684013053775,17.6519647240639,"self_reference_avg_sharess",17.6519647240639
"415","num_imgs","self_reference_avg_sharess",0.133225083351135,0,10.6494955718517,17.6519647240639,"self_reference_avg_sharess",17.6519647240639
"416","num_videos","self_reference_avg_sharess",0.104848429560661,0,5.7744100689888,17.6519647240639,"self_reference_avg_sharess",17.6519647240639
"424","data_channel_is_world","self_reference_avg_sharess",-0.11892157793045,0,-12.2940488159657,17.6519647240639,"self_reference_avg_sharess",17.6519647240639
"429","kw_max_max","self_reference_avg_sharess",0.102344192564487,0,0.589856505393982,17.6519647240639,"self_reference_avg_sharess",17.6519647240639
"430","kw_avg_max","self_reference_avg_sharess",0.141991570591927,0,5.92999383807182,17.6519647240639,"self_reference_avg_sharess",17.6519647240639
"431","kw_min_avg","self_reference_avg_sharess",0.104684203863144,0,9.23871919512749,17.6519647240639,"self_reference_avg_sharess",17.6519647240639
"432","kw_max_avg","self_reference_avg_sharess",0.208942785859108,0,21.383011341095,17.6519647240639,"kw_max_avg",21.383011341095
"433","kw_avg_avg","self_reference_avg_sharess",0.247436702251434,0,24.7747629880905,17.6519647240639,"kw_avg_avg",24.7747629880905
"434","self_reference_min_shares","self_reference_avg_sharess",0.762572050094604,0,16.3389280438423,17.6519647240639,"self_reference_avg_sharess",17.6519647240639
"435","self_reference_max_shares","self_reference_avg_sharess",0.914754331111908,0,14.8678869009018,17.6519647240639,"self_reference_avg_sharess",17.6519647240639
"496","weekday_is_monday","weekday_is_tuesday",-0.215107262134552,0,-0.017606615438126,-2.08669994026423,"weekday_is_tuesday",2.08669994026423
"527","weekday_is_monday","weekday_is_wednesday",-0.215911865234375,0,-0.017606615438126,-2.56213843822479,"weekday_is_wednesday",2.56213843822479
"528","weekday_is_tuesday","weekday_is_wednesday",-0.229975879192352,0,-2.08669994026423,-2.56213843822479,"weekday_is_wednesday",2.56213843822479
"559","weekday_is_monday","weekday_is_thursday",-0.212904050946236,0,-0.017606615438126,-2.06400919705629,"weekday_is_thursday",2.06400919705629
"560","weekday_is_tuesday","weekday_is_thursday",-0.226772144436836,0,-2.08669994026423,-2.06400919705629,"weekday_is_tuesday",2.08669994026423
"561","weekday_is_wednesday","weekday_is_thursday",-0.227620378136635,0,-2.56213843822479,-2.06400919705629,"weekday_is_wednesday",2.56213843822479
"592","weekday_is_monday","weekday_is_friday",-0.184172615408897,0,-0.017606615438126,-0.172133673913777,"weekday_is_friday",0.172133673913777
"593","weekday_is_tuesday","weekday_is_friday",-0.196169212460518,0,-2.08669994026423,-0.172133673913777,"weekday_is_tuesday",2.08669994026423
"594","weekday_is_wednesday","weekday_is_friday",-0.196902975440025,0,-2.56213843822479,-0.172133673913777,"weekday_is_wednesday",2.56213843822479
"595","weekday_is_thursday","weekday_is_friday",-0.194159969687462,0,-2.06400919705629,-0.172133673913777,"weekday_is_thursday",2.06400919705629
"626","weekday_is_monday","weekday_is_saturday",-0.115412935614586,0,-0.017606615438126,5.43069466948509,"weekday_is_saturday",5.43069466948509
"627","weekday_is_tuesday","weekday_is_saturday",-0.12293067574501,0,-2.08669994026423,5.43069466948509,"weekday_is_saturday",5.43069466948509
"628","weekday_is_wednesday","weekday_is_saturday",-0.12339049577713,0,-2.56213843822479,5.43069466948509,"weekday_is_saturday",5.43069466948509
"629","weekday_is_thursday","weekday_is_saturday",-0.121671572327614,0,-2.06400919705629,5.43069466948509,"weekday_is_saturday",5.43069466948509
"630","weekday_is_friday","weekday_is_saturday",-0.105251975357533,0,-0.172133673913777,5.43069466948509,"weekday_is_saturday",5.43069466948509
"661","weekday_is_monday","weekday_is_sunday",-0.122379213571548,0,-0.017606615438126,5.40361478924751,"weekday_is_sunday",5.40361478924751
"662","weekday_is_tuesday","weekday_is_sunday",-0.130350723862648,0,-2.08669994026423,5.40361478924751,"weekday_is_sunday",5.40361478924751
"663","weekday_is_wednesday","weekday_is_sunday",-0.130838304758072,0,-2.56213843822479,5.40361478924751,"weekday_is_sunday",5.40361478924751
"664","weekday_is_thursday","weekday_is_sunday",-0.129015624523163,0,-2.06400919705629,5.40361478924751,"weekday_is_sunday",5.40361478924751
"665","weekday_is_friday","weekday_is_sunday",-0.111604943871498,0,-0.172133673913777,5.40361478924751,"weekday_is_sunday",5.40361478924751
"697","weekday_is_monday","is_weekend",-0.174416869878769,0,-0.017606615438126,7.94036909937859,"is_weekend",7.94036909937859
"698","weekday_is_tuesday","is_weekend",-0.185778006911278,0,-2.08669994026423,7.94036909937859,"is_weekend",7.94036909937859
"699","weekday_is_wednesday","is_weekend",-0.18647289276123,0,-2.56213843822479,7.94036909937859,"is_weekend",7.94036909937859
"700","weekday_is_thursday","is_weekend",-0.183875188231468,0,-2.06400919705629,7.94036909937859,"is_weekend",7.94036909937859
"701","weekday_is_friday","is_weekend",-0.159061208367348,0,-0.172133673913777,7.94036909937859,"is_weekend",7.94036909937859
"702","weekday_is_saturday","is_weekend",0.661707401275635,0,5.43069466948509,7.94036909937859,"is_weekend",7.94036909937859
"703","weekday_is_sunday","is_weekend",0.701647818088531,0,5.40361478924751,7.94036909937859,"is_weekend",7.94036909937859
"712","num_imgs","LDA_00",-0.171530872583389,0,10.6494955718517,0.264777732081711,"num_imgs",10.6494955718517
"713","num_videos","LDA_00",-0.109053395688534,0,5.7744100689888,0.264777732081711,"num_videos",5.7744100689888
"715","num_keywords","LDA_00",-0.15665140748024,0,5.44451624155045,0.264777732081711,"num_keywords",5.44451624155045
"717","data_channel_is_entertainment","LDA_00",-0.210746988654137,0,-5.35626634955406,0.264777732081711,"data_channel_is_entertainment",5.35626634955406
"718","data_channel_is_bus","LDA_00",0.775302648544312,0,-4.56703118979931,0.264777732081711,"data_channel_is_bus",4.56703118979931
"719","data_channel_is_socmed","LDA_00",0.198291122913361,0,5.7716216892004,0.264777732081711,"data_channel_is_socmed",5.7716216892004
"720","data_channel_is_tech","LDA_00",-0.200743928551674,0,2.08571311086416,0.264777732081711,"data_channel_is_tech",2.08571311086416
"721","data_channel_is_world","LDA_00",-0.233906760811806,0,-12.2940488159657,0.264777732081711,"data_channel_is_world",12.2940488159657
"727","kw_avg_max","LDA_00",0.117832414805889,0,5.92999383807182,0.264777732081711,"kw_avg_max",5.92999383807182
"755","data_channel_is_entertainment","LDA_01",0.595025479793549,0,-5.35626634955406,-2.7968168258667,"data_channel_is_entertainment",5.35626634955406
"756","data_channel_is_bus","LDA_01",-0.125543251633644,0,-4.56703118979931,-2.7968168258667,"data_channel_is_bus",4.56703118979931
"758","data_channel_is_tech","LDA_01",-0.165961682796478,0,2.08571311086416,-2.7968168258667,"LDA_01",2.7968168258667
"759","data_channel_is_world","LDA_01",-0.209347113966942,0,-12.2940488159657,-2.7968168258667,"data_channel_is_world",12.2940488159657
"780","LDA_00","LDA_01",-0.178262338042259,0,0.264777732081711,-2.7968168258667,"LDA_01",2.7968168258667
"781","timedelta","LDA_02",-0.143272221088409,0,2.43646334856749,-13.8187095522881,"LDA_02",13.8187095522881
"783","n_tokens_content","LDA_02",0.108001098036766,0,0.0653896597214043,-13.8187095522881,"LDA_02",13.8187095522881
"784","n_unique_tokens","LDA_02",-0.110759384930134,0,-1.32432365790009,-13.8187095522881,"LDA_02",13.8187095522881
"788","num_self_hrefs","LDA_02",-0.104867182672024,0,0.349684013053775,-13.8187095522881,"LDA_02",13.8187095522881
"789","num_imgs","LDA_02",-0.118423469364643,0,10.6494955718517,-13.8187095522881,"LDA_02",13.8187095522881
"791","average_token_length","LDA_02",0.268142610788345,0,-5.02408258616924,-13.8187095522881,"LDA_02",13.8187095522881
"793","data_channel_is_lifestyle","LDA_02",-0.116321846842766,0,2.86102704703808,-13.8187095522881,"LDA_02",13.8187095522881
"794","data_channel_is_entertainment","LDA_02",-0.208191469311714,0,-5.35626634955406,-13.8187095522881,"LDA_02",13.8187095522881
"795","data_channel_is_bus","LDA_02",-0.208187416195869,0,-4.56703118979931,-13.8187095522881,"LDA_02",13.8187095522881
"797","data_channel_is_tech","LDA_02",-0.179210424423218,0,2.08571311086416,-13.8187095522881,"LDA_02",13.8187095522881
"798","data_channel_is_world","LDA_02",0.837132513523102,0,-12.2940488159657,-13.8187095522881,"LDA_02",13.8187095522881
"804","kw_avg_max","LDA_02",-0.114671729505062,0,5.92999383807182,-13.8187095522881,"LDA_02",13.8187095522881
"805","kw_min_avg","LDA_02",-0.121652200818062,0,9.23871919512749,-13.8187095522881,"LDA_02",13.8187095522881
"806","kw_max_avg","LDA_02",-0.230734258890152,0,21.383011341095,-13.8187095522881,"kw_max_avg",21.383011341095
"807","kw_avg_avg","LDA_02",-0.348658829927444,0,24.7747629880905,-13.8187095522881,"kw_avg_avg",24.7747629880905
"808","self_reference_min_shares","LDA_02",-0.108471311628819,0,16.3389280438423,-13.8187095522881,"self_reference_min_shares",16.3389280438423
"809","self_reference_max_shares","LDA_02",-0.114511378109455,0,14.8678869009018,-13.8187095522881,"self_reference_max_shares",14.8678869009018
"810","self_reference_avg_sharess","LDA_02",-0.127585291862488,0,17.6519647240639,-13.8187095522881,"self_reference_avg_sharess",17.6519647240639
"819","LDA_00","LDA_02",-0.255511790513992,0,0.264777732081711,-13.8187095522881,"LDA_02",13.8187095522881
"820","LDA_01","LDA_02",-0.233693301677704,0,-2.7968168258667,-13.8187095522881,"LDA_02",13.8187095522881
"823","n_tokens_content","LDA_03",-0.159107834100723,0,0.0653896597214043,13.9680251479149,"LDA_03",13.9680251479149
"824","n_unique_tokens","LDA_03",0.105076842010021,0,-1.32432365790009,13.9680251479149,"LDA_03",13.9680251479149
"827","num_hrefs","LDA_03",0.135633662343025,0,9.71867069602013,13.9680251479149,"LDA_03",13.9680251479149
"829","num_imgs","LDA_03",0.236042991280556,0,10.6494955718517,13.9680251479149,"LDA_03",13.9680251479149
"830","num_videos","LDA_03",0.319637924432755,0,5.7744100689888,13.9680251479149,"LDA_03",13.9680251479149
"831","average_token_length","LDA_03",-0.106508016586304,0,-5.02408258616924,13.9680251479149,"LDA_03",13.9680251479149
"834","data_channel_is_entertainment","LDA_03",0.209638684988022,0,-5.35626634955406,13.9680251479149,"LDA_03",13.9680251479149
"835","data_channel_is_bus","LDA_03",-0.231625333428383,0,-4.56703118979931,13.9680251479149,"LDA_03",13.9680251479149
"837","data_channel_is_tech","LDA_03",-0.262149065732956,0,2.08571311086416,13.9680251479149,"LDA_03",13.9680251479149
"838","data_channel_is_world","LDA_03",-0.26678666472435,0,-12.2940488159657,13.9680251479149,"LDA_03",13.9680251479149
"842","kw_min_max","LDA_03",0.175659731030464,0,6.28231912851334,13.9680251479149,"LDA_03",13.9680251479149
"844","kw_avg_max","LDA_03",0.296036392450333,0,5.92999383807182,13.9680251479149,"LDA_03",13.9680251479149
"845","kw_min_avg","LDA_03",0.174368247389793,0,9.23871919512749,13.9680251479149,"LDA_03",13.9680251479149
"846","kw_max_avg","LDA_03",0.46693953871727,0,21.383011341095,13.9680251479149,"kw_max_avg",21.383011341095
"847","kw_avg_avg","LDA_03",0.546204268932343,0,24.7747629880905,13.9680251479149,"kw_avg_avg",24.7747629880905
"848","self_reference_min_shares","LDA_03",0.118045754730701,0,16.3389280438423,13.9680251479149,"self_reference_min_shares",16.3389280438423
"849","self_reference_max_shares","LDA_03",0.121403932571411,0,14.8678869009018,13.9680251479149,"self_reference_max_shares",14.8678869009018
"850","self_reference_avg_sharess","LDA_03",0.142807766795158,0,17.6519647240639,13.9680251479149,"self_reference_avg_sharess",17.6519647240639
"859","LDA_00","LDA_03",-0.274967432022095,0,0.264777732081711,13.9680251479149,"LDA_03",13.9680251479149
"860","LDA_01","LDA_03",-0.112637482583523,0,-2.7968168258667,13.9680251479149,"LDA_03",13.9680251479149
"861","LDA_02","LDA_03",-0.329395562410355,0,-13.8187095522881,13.9680251479149,"LDA_03",13.9680251479149
"869","num_self_hrefs","LDA_04",0.149556547403336,0,0.349684013053775,1.1740486137569,"LDA_04",1.1740486137569
"871","num_videos","LDA_04",-0.1539156883955,0,5.7744100689888,1.1740486137569,"num_videos",5.7744100689888
"872","average_token_length","LDA_04",-0.119273528456688,0,-5.02408258616924,1.1740486137569,"average_token_length",5.02408258616924
"873","num_keywords","LDA_04",0.183335512876511,0,5.44451624155045,1.1740486137569,"num_keywords",5.44451624155045
"874","data_channel_is_lifestyle","LDA_04",0.245279639959335,0,2.86102704703808,1.1740486137569,"data_channel_is_lifestyle",2.86102704703808
"875","data_channel_is_entertainment","LDA_04",-0.275415062904358,0,-5.35626634955406,1.1740486137569,"data_channel_is_entertainment",5.35626634955406
"876","data_channel_is_bus","LDA_04",-0.169105961918831,0,-4.56703118979931,1.1740486137569,"data_channel_is_bus",4.56703118979931
"878","data_channel_is_tech","LDA_04",0.75031179189682,0,2.08571311086416,1.1740486137569,"data_channel_is_tech",2.08571311086416
"879","data_channel_is_world","LDA_04",-0.175399854779243,0,-12.2940488159657,1.1740486137569,"data_channel_is_world",12.2940488159657
"885","kw_avg_max","LDA_04",-0.233786404132843,0,5.92999383807182,1.1740486137569,"kw_avg_max",5.92999383807182
"887","kw_max_avg","LDA_04",-0.180769026279449,0,21.383011341095,1.1740486137569,"kw_max_avg",21.383011341095
"888","kw_avg_avg","LDA_04",-0.180297076702118,0,24.7747629880905,1.1740486137569,"kw_avg_avg",24.7747629880905
"900","LDA_00","LDA_04",-0.242685437202454,0,0.264777732081711,1.1740486137569,"LDA_04",1.1740486137569
"901","LDA_01","LDA_04",-0.248338505625725,0,-2.7968168258667,1.1740486137569,"LDA_01",2.7968168258667
"902","LDA_02","LDA_04",-0.230420887470245,0,-13.8187095522881,1.1740486137569,"LDA_02",13.8187095522881
"903","LDA_03","LDA_04",-0.358802437782288,0,13.9680251479149,1.1740486137569,"LDA_03",13.9680251479149
"907","n_unique_tokens","global_subjectivity",0.15571491420269,0,-1.32432365790009,10.307078063488,"global_subjectivity",10.307078063488
"909","n_non_stop_unique_tokens","global_subjectivity",0.141482308506966,0,-4.42600175738335,10.307078063488,"global_subjectivity",10.307078063488
"910","num_hrefs","global_subjectivity",0.206125140190125,0,9.71867069602013,10.307078063488,"global_subjectivity",10.307078063488
"912","num_imgs","global_subjectivity",0.139675617218018,0,10.6494955718517,10.307078063488,"num_imgs",10.6494955718517
"913","num_videos","global_subjectivity",0.115053415298462,0,5.7744100689888,10.307078063488,"global_subjectivity",10.307078063488
"921","data_channel_is_world","global_subjectivity",-0.229651167988777,0,-12.2940488159657,10.307078063488,"data_channel_is_world",12.2940488159657
"929","kw_max_avg","global_subjectivity",0.155783370137215,0,21.383011341095,10.307078063488,"kw_max_avg",21.383011341095
"930","kw_avg_avg","global_subjectivity",0.178759470582008,0,24.7747629880905,10.307078063488,"kw_avg_avg",24.7747629880905
"931","self_reference_min_shares","global_subjectivity",0.132638722658157,0,16.3389280438423,10.307078063488,"self_reference_min_shares",16.3389280438423
"932","self_reference_max_shares","global_subjectivity",0.137646943330765,0,14.8678869009018,10.307078063488,"self_reference_max_shares",14.8678869009018
"933","self_reference_avg_sharess","global_subjectivity",0.149345606565475,0,17.6519647240639,10.307078063488,"self_reference_avg_sharess",17.6519647240639
"944","LDA_02","global_subjectivity",-0.237977683544159,0,-13.8187095522881,10.307078063488,"LDA_02",13.8187095522881
"945","LDA_03","global_subjectivity",0.177929937839508,0,13.9680251479149,10.307078063488,"LDA_03",13.9680251479149
"947","timedelta","global_sentiment_polarity",0.172730356454849,0,2.43646334856749,3.62135507166386,"global_sentiment_polarity",3.62135507166386
"950","n_unique_tokens","global_sentiment_polarity",0.100706808269024,0,-1.32432365790009,3.62135507166386,"global_sentiment_polarity",3.62135507166386
"953","num_hrefs","global_sentiment_polarity",0.118682190775871,0,9.71867069602013,3.62135507166386,"num_hrefs",9.71867069602013
"954","num_self_hrefs","global_sentiment_polarity",0.111558891832829,0,0.349684013053775,3.62135507166386,"global_sentiment_polarity",3.62135507166386
"963","data_channel_is_tech","global_sentiment_polarity",0.143247649073601,0,2.08571311086416,3.62135507166386,"global_sentiment_polarity",3.62135507166386
"964","data_channel_is_world","global_sentiment_polarity",-0.249488040804863,0,-12.2940488159657,3.62135507166386,"data_channel_is_world",12.2940488159657
"967","kw_avg_min","global_sentiment_polarity",0.103170283138752,0,5.56567683815956,3.62135507166386,"kw_avg_min",5.56567683815956
"985","LDA_00","global_sentiment_polarity",0.11821535974741,0,0.264777732081711,3.62135507166386,"global_sentiment_polarity",3.62135507166386
"987","LDA_02","global_sentiment_polarity",-0.240642473101616,0,-13.8187095522881,3.62135507166386,"LDA_02",13.8187095522881
"989","LDA_04","global_sentiment_polarity",0.152068749070168,0,1.1740486137569,3.62135507166386,"global_sentiment_polarity",3.62135507166386
"990","global_subjectivity","global_sentiment_polarity",0.356569051742554,0,10.307078063488,3.62135507166386,"global_subjectivity",10.307078063488
"991","timedelta","global_rate_positive_words",0.200971856713295,0,2.43646334856749,3.13682816922665,"global_rate_positive_words",3.13682816922665
"993","n_tokens_content","global_rate_positive_words",0.14291600883007,0,0.0653896597214043,3.13682816922665,"global_rate_positive_words",3.13682816922665
"996","n_non_stop_unique_tokens","global_rate_positive_words",0.152030676603317,0,-4.42600175738335,3.13682816922665,"n_non_stop_unique_tokens",4.42600175738335
"998","num_self_hrefs","global_rate_positive_words",0.119702041149139,0,0.349684013053775,3.13682816922665,"global_rate_positive_words",3.13682816922665
"1006","data_channel_is_socmed","global_rate_positive_words",0.102235808968544,0,5.7716216892004,3.13682816922665,"data_channel_is_socmed",5.7716216892004
"1008","data_channel_is_world","global_rate_positive_words",-0.265735596418381,0,-12.2940488159657,3.13682816922665,"data_channel_is_world",12.2940488159657
"1011","kw_avg_min","global_rate_positive_words",0.107367537915707,0,5.56567683815956,3.13682816922665,"kw_avg_min",5.56567683815956
"1013","kw_max_max","global_rate_positive_words",-0.104144312441349,0,0.589856505393982,3.13682816922665,"global_rate_positive_words",3.13682816922665
"1014","kw_avg_max","global_rate_positive_words",-0.101066656410694,0,5.92999383807182,3.13682816922665,"kw_avg_max",5.92999383807182
"1029","LDA_00","global_rate_positive_words",0.15099310874939,0,0.264777732081711,3.13682816922665,"global_rate_positive_words",3.13682816922665
"1031","LDA_02","global_rate_positive_words",-0.249653965234756,0,-13.8187095522881,3.13682816922665,"LDA_02",13.8187095522881
"1034","global_subjectivity","global_rate_positive_words",0.393869459629059,0,10.307078063488,3.13682816922665,"global_subjectivity",10.307078063488
"1035","global_sentiment_polarity","global_rate_positive_words",0.593275725841522,0,3.62135507166386,3.13682816922665,"global_sentiment_polarity",3.62135507166386
"1038","n_tokens_content","global_rate_negative_words",0.169393301010132,0,0.0653896597214043,0.37358773406595,"global_rate_negative_words",0.37358773406595
"1041","n_non_stop_unique_tokens","global_rate_negative_words",0.137214303016663,0,-4.42600175738335,0.37358773406595,"n_non_stop_unique_tokens",4.42600175738335
"1045","num_videos","global_rate_negative_words",0.111405119299889,0,5.7744100689888,0.37358773406595,"num_videos",5.7744100689888
"1079","global_subjectivity","global_rate_negative_words",0.199580475687981,0,10.307078063488,0.37358773406595,"global_subjectivity",10.307078063488
"1080","global_sentiment_polarity","global_rate_negative_words",-0.441118955612183,0,3.62135507166386,0.37358773406595,"global_sentiment_polarity",3.62135507166386
"1082","timedelta","rate_positive_words",0.183024719357491,0,2.43646334856749,0.317726051434875,"timedelta",2.43646334856749
"1085","n_unique_tokens","rate_positive_words",0.139995872974396,0,-1.32432365790009,0.317726051434875,"n_unique_tokens",1.32432365790009
"1087","n_non_stop_unique_tokens","rate_positive_words",0.143912211060524,0,-4.42600175738335,0.317726051434875,"n_non_stop_unique_tokens",4.42600175738335
"1089","num_self_hrefs","rate_positive_words",0.147026225924492,0,0.349684013053775,0.317726051434875,"num_self_hrefs",0.349684013053775
"1096","data_channel_is_bus","rate_positive_words",0.12962295114994,0,-4.56703118979931,0.317726051434875,"data_channel_is_bus",4.56703118979931
"1098","data_channel_is_tech","rate_positive_words",0.168456941843033,0,2.08571311086416,0.317726051434875,"data_channel_is_tech",2.08571311086416
"1099","data_channel_is_world","rate_positive_words",-0.195360288023949,0,-12.2940488159657,0.317726051434875,"data_channel_is_world",12.2940488159657
"1105","kw_avg_max","rate_positive_words",-0.120759755373001,0,5.92999383807182,0.317726051434875,"kw_avg_max",5.92999383807182
"1120","LDA_00","rate_positive_words",0.169846713542938,0,0.264777732081711,0.317726051434875,"rate_positive_words",0.317726051434875
"1122","LDA_02","rate_positive_words",-0.178309693932533,0,-13.8187095522881,0.317726051434875,"LDA_02",13.8187095522881
"1123","LDA_03","rate_positive_words",-0.13664174079895,0,13.9680251479149,0.317726051434875,"LDA_03",13.9680251479149
"1124","LDA_04","rate_positive_words",0.175794556736946,0,1.1740486137569,0.317726051434875,"LDA_04",1.1740486137569
"1125","global_subjectivity","rate_positive_words",0.247817695140839,0,10.307078063488,0.317726051434875,"global_subjectivity",10.307078063488
"1126","global_sentiment_polarity","rate_positive_words",0.802621245384216,0,3.62135507166386,0.317726051434875,"global_sentiment_polarity",3.62135507166386
"1127","global_rate_positive_words","rate_positive_words",0.598203182220459,0,3.13682816922665,0.317726051434875,"global_rate_positive_words",3.13682816922665
"1128","global_rate_negative_words","rate_positive_words",-0.571057081222534,0,0.37358773406595,0.317726051434875,"global_rate_negative_words",0.37358773406595
"1131","n_tokens_content","rate_negative_words",0.135633006691933,0,0.0653896597214043,-2.85031627863646,"rate_negative_words",2.85031627863646
"1134","n_non_stop_unique_tokens","rate_negative_words",0.116356559097767,0,-4.42600175738335,-2.85031627863646,"n_non_stop_unique_tokens",4.42600175738335
"1139","average_token_length","rate_negative_words",0.166110262274742,0,-5.02408258616924,-2.85031627863646,"average_token_length",5.02408258616924
"1145","data_channel_is_tech","rate_negative_words",-0.113225676119328,0,2.08571311086416,-2.85031627863646,"rate_negative_words",2.85031627863646
"1146","data_channel_is_world","rate_negative_words",0.195084244012833,0,-12.2940488159657,-2.85031627863646,"data_channel_is_world",12.2940488159657
"1167","LDA_00","rate_negative_words",-0.114441327750683,0,0.264777732081711,-2.85031627863646,"rate_negative_words",2.85031627863646
"1169","LDA_02","rate_negative_words",0.193847268819809,0,-13.8187095522881,-2.85031627863646,"LDA_02",13.8187095522881
"1171","LDA_04","rate_negative_words",-0.108033157885075,0,1.1740486137569,-2.85031627863646,"rate_negative_words",2.85031627863646
"1173","global_sentiment_polarity","rate_negative_words",-0.627375066280365,0,3.62135507166386,-2.85031627863646,"global_sentiment_polarity",3.62135507166386
"1174","global_rate_positive_words","rate_negative_words",-0.358872652053833,0,3.13682816922665,-2.85031627863646,"global_rate_positive_words",3.13682816922665
"1175","global_rate_negative_words","rate_negative_words",0.82159149646759,0,0.37358773406595,-2.85031627863646,"rate_negative_words",2.85031627863646
"1176","rate_positive_words","rate_negative_words",-0.721550405025482,0,0.317726051434875,-2.85031627863646,"rate_negative_words",2.85031627863646
"1179","n_tokens_content","avg_positive_polarity",0.10197602212429,0,0.0653896597214043,5.16295693814754,"avg_positive_polarity",5.16295693814754
"1180","n_unique_tokens","avg_positive_polarity",0.139290109276772,0,-1.32432365790009,5.16295693814754,"avg_positive_polarity",5.16295693814754
"1182","n_non_stop_unique_tokens","avg_positive_polarity",0.136826753616333,0,-4.42600175738335,5.16295693814754,"avg_positive_polarity",5.16295693814754
"1183","num_hrefs","avg_positive_polarity",0.195093527436256,0,9.71867069602013,5.16295693814754,"num_hrefs",9.71867069602013
"1185","num_imgs","avg_positive_polarity",0.131736397743225,0,10.6494955718517,5.16295693814754,"num_imgs",10.6494955718517
"1186","num_videos","avg_positive_polarity",0.112073935568333,0,5.7744100689888,5.16295693814754,"num_videos",5.7744100689888
"1194","data_channel_is_world","avg_positive_polarity",-0.175330728292465,0,-12.2940488159657,5.16295693814754,"data_channel_is_world",12.2940488159657
"1202","kw_max_avg","avg_positive_polarity",0.10859502106905,0,21.383011341095,5.16295693814754,"kw_max_avg",21.383011341095
"1203","kw_avg_avg","avg_positive_polarity",0.119217060506344,0,24.7747629880905,5.16295693814754,"kw_avg_avg",24.7747629880905
"1204","self_reference_min_shares","avg_positive_polarity",0.106835797429085,0,16.3389280438423,5.16295693814754,"self_reference_min_shares",16.3389280438423
"1205","self_reference_max_shares","avg_positive_polarity",0.103673934936523,0,14.8678869009018,5.16295693814754,"self_reference_max_shares",14.8678869009018
"1206","self_reference_avg_sharess","avg_positive_polarity",0.114080868661404,0,17.6519647240639,5.16295693814754,"self_reference_avg_sharess",17.6519647240639
"1217","LDA_02","avg_positive_polarity",-0.172098428010941,0,-13.8187095522881,5.16295693814754,"LDA_02",13.8187095522881
"1218","LDA_03","avg_positive_polarity",0.140566155314445,0,13.9680251479149,5.16295693814754,"LDA_03",13.9680251479149
"1220","global_subjectivity","avg_positive_polarity",0.484050154685974,0,10.307078063488,5.16295693814754,"global_subjectivity",10.307078063488
"1221","global_sentiment_polarity","avg_positive_polarity",0.511312007904053,0,3.62135507166386,5.16295693814754,"avg_positive_polarity",5.16295693814754
"1222","global_rate_positive_words","avg_positive_polarity",0.241804867982864,0,3.13682816922665,5.16295693814754,"avg_positive_polarity",5.16295693814754
"1223","global_rate_negative_words","avg_positive_polarity",0.150092005729675,0,0.37358773406595,5.16295693814754,"avg_positive_polarity",5.16295693814754
"1224","rate_positive_words","avg_positive_polarity",0.189227387309074,0,0.317726051434875,5.16295693814754,"avg_positive_polarity",5.16295693814754
"1228","n_tokens_content","min_positive_polarity",-0.365559697151184,0,0.0653896597214043,-0.309428060427308,"min_positive_polarity",0.309428060427308
"1229","n_unique_tokens","min_positive_polarity",0.420376926660538,0,-1.32432365790009,-0.309428060427308,"n_unique_tokens",1.32432365790009
"1231","n_non_stop_unique_tokens","min_positive_polarity",0.304054498672485,0,-4.42600175738335,-0.309428060427308,"n_non_stop_unique_tokens",4.42600175738335
"1232","num_hrefs","min_positive_polarity",-0.120860651135445,0,9.71867069602013,-0.309428060427308,"num_hrefs",9.71867069602013
"1264","LDA_00","min_positive_polarity",-0.144656106829643,0,0.264777732081711,-0.309428060427308,"min_positive_polarity",0.309428060427308
"1267","LDA_03","min_positive_polarity",0.119417995214462,0,13.9680251479149,-0.309428060427308,"LDA_03",13.9680251479149
"1269","global_subjectivity","min_positive_polarity",0.177338287234306,0,10.307078063488,-0.309428060427308,"global_subjectivity",10.307078063488
"1271","global_rate_positive_words","min_positive_polarity",-0.144256323575974,0,3.13682816922665,-0.309428060427308,"global_rate_positive_words",3.13682816922665
"1274","rate_negative_words","min_positive_polarity",0.151392981410027,0,-2.85031627863646,-0.309428060427308,"rate_negative_words",2.85031627863646
"1275","avg_positive_polarity","min_positive_polarity",0.356721520423889,0,5.16295693814754,-0.309428060427308,"avg_positive_polarity",5.16295693814754
"1278","n_tokens_content","max_positive_polarity",0.446221202611923,0,0.0653896597214043,4.36378307640553,"max_positive_polarity",4.36378307640553
"1279","n_unique_tokens","max_positive_polarity",-0.183027803897858,0,-1.32432365790009,4.36378307640553,"max_positive_polarity",4.36378307640553
"1281","n_non_stop_unique_tokens","max_positive_polarity",-0.100099988281727,0,-4.42600175738335,4.36378307640553,"n_non_stop_unique_tokens",4.42600175738335
"1282","num_hrefs","max_positive_polarity",0.316662132740021,0,9.71867069602013,4.36378307640553,"num_hrefs",9.71867069602013
"1283","num_self_hrefs","max_positive_polarity",0.174923628568649,0,0.349684013053775,4.36378307640553,"max_positive_polarity",4.36378307640553
"1284","num_imgs","max_positive_polarity",0.191458404064178,0,10.6494955718517,4.36378307640553,"num_imgs",10.6494955718517
"1285","num_videos","max_positive_polarity",0.126515075564384,0,5.7744100689888,4.36378307640553,"num_videos",5.7744100689888
"1293","data_channel_is_world","max_positive_polarity",-0.136748567223549,0,-12.2940488159657,4.36378307640553,"data_channel_is_world",12.2940488159657
"1304","self_reference_max_shares","max_positive_polarity",0.103864945471287,0,14.8678869009018,4.36378307640553,"self_reference_max_shares",14.8678869009018
"1316","LDA_02","max_positive_polarity",-0.129707187414169,0,-13.8187095522881,4.36378307640553,"LDA_02",13.8187095522881
"1319","global_subjectivity","max_positive_polarity",0.349325329065323,0,10.307078063488,4.36378307640553,"global_subjectivity",10.307078063488
"1320","global_sentiment_polarity","max_positive_polarity",0.426007330417633,0,3.62135507166386,4.36378307640553,"max_positive_polarity",4.36378307640553
"1321","global_rate_positive_words","max_positive_polarity",0.412401616573334,0,3.13682816922665,4.36378307640553,"max_positive_polarity",4.36378307640553
"1322","global_rate_negative_words","max_positive_polarity",0.151183158159256,0,0.37358773406595,4.36378307640553,"max_positive_polarity",4.36378307640553
"1323","rate_positive_words","max_positive_polarity",0.269341617822647,0,0.317726051434875,4.36378307640553,"max_positive_polarity",4.36378307640553
"1325","avg_positive_polarity","max_positive_polarity",0.619619905948639,0,5.16295693814754,4.36378307640553,"avg_positive_polarity",5.16295693814754
"1329","n_tokens_content","avg_negative_polarity",-0.184594944119453,0,0.0653896597214043,-3.78413014113903,"avg_negative_polarity",3.78413014113903
"1332","n_non_stop_unique_tokens","avg_negative_polarity",-0.108299233019352,0,-4.42600175738335,-3.78413014113903,"n_non_stop_unique_tokens",4.42600175738335
"1333","num_hrefs","avg_negative_polarity",-0.204416036605835,0,9.71867069602013,-3.78413014113903,"num_hrefs",9.71867069602013
"1336","num_videos","avg_negative_polarity",-0.12351743131876,0,5.7744100689888,-3.78413014113903,"num_videos",5.7744100689888
"1340","data_channel_is_entertainment","avg_negative_polarity",-0.137664541602135,0,-5.35626634955406,-3.78413014113903,"data_channel_is_entertainment",5.35626634955406
"1343","data_channel_is_tech","avg_negative_polarity",0.116900078952312,0,2.08571311086416,-3.78413014113903,"avg_negative_polarity",3.78413014113903
"1355","self_reference_max_shares","avg_negative_polarity",-0.11915311217308,0,14.8678869009018,-3.78413014113903,"self_reference_max_shares",14.8678869009018
"1356","self_reference_avg_sharess","avg_negative_polarity",-0.11798057705164,0,17.6519647240639,-3.78413014113903,"self_reference_avg_sharess",17.6519647240639
"1366","LDA_01","avg_negative_polarity",-0.106915913522243,0,-2.7968168258667,-3.78413014113903,"avg_negative_polarity",3.78413014113903
"1368","LDA_03","avg_negative_polarity",-0.102604858577251,0,13.9680251479149,-3.78413014113903,"LDA_03",13.9680251479149
"1369","LDA_04","avg_negative_polarity",0.121139727532864,0,1.1740486137569,-3.78413014113903,"avg_negative_polarity",3.78413014113903
"1370","global_subjectivity","avg_negative_polarity",-0.39300736784935,0,10.307078063488,-3.78413014113903,"global_subjectivity",10.307078063488
"1371","global_sentiment_polarity","avg_negative_polarity",0.204655796289444,0,3.62135507166386,-3.78413014113903,"avg_negative_polarity",3.78413014113903
"1372","global_rate_positive_words","avg_negative_polarity",-0.115167535841465,0,3.13682816922665,-3.78413014113903,"avg_negative_polarity",3.78413014113903
"1373","global_rate_negative_words","avg_negative_polarity",-0.421887993812561,0,0.37358773406595,-3.78413014113903,"avg_negative_polarity",3.78413014113903
"1375","rate_negative_words","avg_negative_polarity",-0.413097590208054,0,-2.85031627863646,-3.78413014113903,"avg_negative_polarity",3.78413014113903
"1376","avg_positive_polarity","avg_negative_polarity",-0.220565363764763,0,5.16295693814754,-3.78413014113903,"avg_positive_polarity",5.16295693814754
"1378","max_positive_polarity","avg_negative_polarity",-0.23286634683609,0,4.36378307640553,-3.78413014113903,"max_positive_polarity",4.36378307640553
"1381","n_tokens_content","min_negative_polarity",-0.486880391836166,0,0.0653896597214043,-2.69558150321245,"min_negative_polarity",2.69558150321245
"1382","n_unique_tokens","min_negative_polarity",0.199576184153557,0,-1.32432365790009,-2.69558150321245,"min_negative_polarity",2.69558150321245
"1385","num_hrefs","min_negative_polarity",-0.299565404653549,0,9.71867069602013,-2.69558150321245,"num_hrefs",9.71867069602013
"1386","num_self_hrefs","min_negative_polarity",-0.127690315246582,0,0.349684013053775,-2.69558150321245,"min_negative_polarity",2.69558150321245
"1387","num_imgs","min_negative_polarity",-0.142387568950653,0,10.6494955718517,-2.69558150321245,"num_imgs",10.6494955718517
"1388","num_videos","min_negative_polarity",-0.126506254076958,0,5.7744100689888,-2.69558150321245,"num_videos",5.7744100689888
"1392","data_channel_is_entertainment","min_negative_polarity",-0.105423785746098,0,-5.35626634955406,-2.69558150321245,"data_channel_is_entertainment",5.35626634955406
"1395","data_channel_is_tech","min_negative_polarity",0.116122476756573,0,2.08571311086416,-2.69558150321245,"min_negative_polarity",2.69558150321245
"1407","self_reference_max_shares","min_negative_polarity",-0.113130293786526,0,14.8678869009018,-2.69558150321245,"self_reference_max_shares",14.8678869009018
"1421","LDA_04","min_negative_polarity",0.104654878377914,0,1.1740486137569,-2.69558150321245,"min_negative_polarity",2.69558150321245
"1422","global_subjectivity","min_negative_polarity",-0.299275308847427,0,10.307078063488,-2.69558150321245,"global_subjectivity",10.307078063488
"1423","global_sentiment_polarity","min_negative_polarity",0.267963498830795,0,3.62135507166386,-2.69558150321245,"global_sentiment_polarity",3.62135507166386
"1424","global_rate_positive_words","min_negative_polarity",-0.101375810801983,0,3.13682816922665,-2.69558150321245,"global_rate_positive_words",3.13682816922665
"1425","global_rate_negative_words","min_negative_polarity",-0.522218108177185,0,0.37358773406595,-2.69558150321245,"min_negative_polarity",2.69558150321245
"1426","rate_positive_words","min_negative_polarity",0.209891527891159,0,0.317726051434875,-2.69558150321245,"min_negative_polarity",2.69558150321245
"1427","rate_negative_words","min_negative_polarity",-0.479842334985733,0,-2.85031627863646,-2.69558150321245,"rate_negative_words",2.85031627863646
"1428","avg_positive_polarity","min_negative_polarity",-0.178676724433899,0,5.16295693814754,-2.69558150321245,"avg_positive_polarity",5.16295693814754
"1429","min_positive_polarity","min_negative_polarity",0.120561182498932,0,-0.309428060427308,-2.69558150321245,"min_negative_polarity",2.69558150321245
"1430","max_positive_polarity","min_negative_polarity",-0.316639333963394,0,4.36378307640553,-2.69558150321245,"max_positive_polarity",4.36378307640553
"1431","avg_negative_polarity","min_negative_polarity",0.78222793340683,0,-3.78413014113903,-2.69558150321245,"avg_negative_polarity",3.78413014113903
"1434","n_tokens_content","max_negative_polarity",0.284182190895081,0,0.0653896597214043,-1.17177879437804,"max_negative_polarity",1.17177879437804
"1435","n_unique_tokens","max_negative_polarity",-0.368940055370331,0,-1.32432365790009,-1.17177879437804,"n_unique_tokens",1.32432365790009
"1437","n_non_stop_unique_tokens","max_negative_polarity",-0.278309941291809,0,-4.42600175738335,-1.17177879437804,"n_non_stop_unique_tokens",4.42600175738335
"1442","average_token_length","max_negative_polarity",-0.123498558998108,0,-5.02408258616924,-1.17177879437804,"average_token_length",5.02408258616924
"1459","self_reference_min_shares","max_negative_polarity",-0.104065991938114,0,16.3389280438423,-1.17177879437804,"self_reference_min_shares",16.3389280438423
"1475","global_subjectivity","max_negative_polarity",-0.178841233253479,0,10.307078063488,-1.17177879437804,"global_subjectivity",10.307078063488
"1479","rate_positive_words","max_negative_polarity",-0.191368326544762,0,0.317726051434875,-1.17177879437804,"max_negative_polarity",1.17177879437804
"1481","avg_positive_polarity","max_negative_polarity",-0.107120797038078,0,5.16295693814754,-1.17177879437804,"avg_positive_polarity",5.16295693814754
"1482","min_positive_polarity","max_negative_polarity",-0.212606206536293,0,-0.309428060427308,-1.17177879437804,"max_negative_polarity",1.17177879437804
"1484","avg_negative_polarity","max_negative_polarity",0.499884009361267,0,-3.78413014113903,-1.17177879437804,"avg_negative_polarity",3.78413014113903
"1512","kw_avg_avg","title_subjectivity",0.11378251761198,0,24.7747629880905,5.46070896089077,"kw_avg_avg",24.7747629880905
"1527","LDA_03","title_subjectivity",0.129286855459213,0,13.9680251479149,5.46070896089077,"LDA_03",13.9680251479149
"1529","global_subjectivity","title_subjectivity",0.155672714114189,0,10.307078063488,5.46070896089077,"global_subjectivity",10.307078063488
"1531","global_rate_positive_words","title_subjectivity",0.114824868738651,0,3.13682816922665,5.46070896089077,"title_subjectivity",5.46070896089077
"1585","global_sentiment_polarity","title_sentiment_polarity",0.230898529291153,0,3.62135507166386,4.23559248447418,"title_sentiment_polarity",4.23559248447418
"1586","global_rate_positive_words","title_sentiment_polarity",0.160575464367867,0,3.13682816922665,4.23559248447418,"title_sentiment_polarity",4.23559248447418
"1587","global_rate_negative_words","title_sentiment_polarity",-0.133408948779106,0,0.37358773406595,4.23559248447418,"title_sentiment_polarity",4.23559248447418
"1588","rate_positive_words","title_sentiment_polarity",0.185463443398476,0,0.317726051434875,4.23559248447418,"title_sentiment_polarity",4.23559248447418
"1589","rate_negative_words","title_sentiment_polarity",-0.191909357905388,0,-2.85031627863646,4.23559248447418,"title_sentiment_polarity",4.23559248447418
"1596","title_subjectivity","title_sentiment_polarity",0.320697069168091,0,5.46070896089077,4.23559248447418,"title_subjectivity",5.46070896089077
"1598","n_tokens_title","abs_title_subjectivity",-0.14868625998497,0,-1.83743387460709,0.0387066334951669,"n_tokens_title",1.83743387460709
"1642","global_rate_positive_words","abs_title_subjectivity",-0.141714915633202,0,3.13682816922665,0.0387066334951669,"global_rate_positive_words",3.13682816922665
"1652","title_subjectivity","abs_title_subjectivity",-0.487172305583954,0,5.46070896089077,0.0387066334951669,"title_subjectivity",5.46070896089077
"1653","title_sentiment_polarity","abs_title_subjectivity",-0.295942008495331,0,4.23559248447418,0.0387066334951669,"title_sentiment_polarity",4.23559248447418
"1680","kw_avg_avg","abs_title_sentiment_polarity",0.113284908235073,0,24.7747629880905,5.36513403058052,"kw_avg_avg",24.7747629880905
"1695","LDA_03","abs_title_sentiment_polarity",0.120575048029423,0,13.9680251479149,5.36513403058052,"LDA_03",13.9680251479149
"1697","global_subjectivity","abs_title_sentiment_polarity",0.126131400465965,0,10.307078063488,5.36513403058052,"global_subjectivity",10.307078063488
"1699","global_rate_positive_words","abs_title_sentiment_polarity",0.11969793587923,0,3.13682816922665,5.36513403058052,"abs_title_sentiment_polarity",5.36513403058052
"1703","avg_positive_polarity","abs_title_sentiment_polarity",0.117352299392223,0,5.16295693814754,5.36513403058052,"abs_title_sentiment_polarity",5.36513403058052
"1709","title_subjectivity","abs_title_sentiment_polarity",0.753839313983917,0,5.46070896089077,5.36513403058052,"title_subjectivity",5.46070896089077
"1710","title_sentiment_polarity","abs_title_sentiment_polarity",0.483743369579315,0,4.23559248447418,5.36513403058052,"abs_title_sentiment_polarity",5.36513403058052
"1711","abs_title_subjectivity","abs_title_sentiment_polarity",-0.473097115755081,0,0.0387066334951669,5.36513403058052,"abs_title_sentiment_polarity",5.36513403058052
